name,date,time,cpu-percent,ram-resident-set-size-bytes,ram-virtual-memory-size-bytes,ram-shared-memory-bytes,ram-code-segment-size-bytes,ram-data-segment-size-bytes,ram-library-size-bytes,ram-dirty-pages-bytes,ram-unique-set-size-bytes,disk-read-bytes,disk-write-bytes,disk-read-characters-bytes,disk-write-characters-bytes,cycle
server,2024-04-15-16:23:12.709492,1713198192.7095716,29.9,598306816,2561200128,126222336,4096,1252352000,0,0,586174464,86114304,2924544,54873314,2661027,1
server,2024-04-15-16:23:17.717119,1713198197.717197,39.7,404922368,2365599744,126222336,4096,1056751616,0,0,392781824,86114304,2928640,54891249,2661450,1
server,2024-04-15-16:23:22.705431,1713198202.7055213,19.5,404922368,2365616128,126222336,4096,1056768000,0,0,392794112,86114304,2928640,54897329,2661515,1
server,2024-04-15-16:23:27.719630,1713198207.7197254,69.3,404922368,2365616128,126222336,4096,1056792576,0,0,392822784,86114304,2932736,54915263,2661969,1
server,2024-04-15-16:23:38.552286,1713198218.55233,101.4,514723840,2428387328,127533056,4096,1185628160,0,0,500572160,86114304,2932736,54930140,2662676,1
server,2024-04-15-16:23:42.703772,1713198222.7038348,59.6,530567168,2513293312,130940928,4096,1198460928,0,0,518205440,86114304,2932736,54947122,2663119,1
server,2024-04-15-16:23:47.713417,1713198227.713488,49.3,529657856,2587746304,130940928,4096,1215856640,0,0,517242880,86114304,2932736,54965060,2663324,1
server,2024-04-15-16:23:52.707571,1713198232.707627,19.5,529657856,2587746304,130940928,4096,1215856640,0,0,517242880,86114304,2932736,54966839,2663324,1
server,2024-04-15-16:23:57.710567,1713198237.7106118,58.6,529657856,2587746304,130940928,4096,1215877120,0,0,517255168,86114304,2936832,54984777,2663694,1
server,2024-04-15-16:24:02.706326,1713198242.7063851,19.9,529657856,2587746304,130940928,4096,1215881216,0,0,517259264,86114304,2936832,54986556,2663694,1
server,2024-04-15-16:24:07.712529,1713198247.7125897,57.1,529657856,2587746304,130940928,4096,1215885312,0,0,517271552,86114304,2936832,55009840,2664045,1
server,2024-04-15-16:24:13.036090,1713198253.036157,109.6,787927040,2919116800,130940928,4096,1474600960,0,0,769896448,86114304,2936832,55011793,2664045,1
server,2024-04-15-16:24:17.720689,1713198257.7207794,39.6,787927040,2919100416,130940928,4096,1474584576,0,0,775639040,86114304,2940928,55029731,2664470,1
server,2024-04-15-16:24:22.720984,1713198262.7210617,19.6,787927040,2919100416,130940928,4096,1474584576,0,0,775639040,86114304,2940928,55031510,2664470,1
server,2024-04-15-16:24:27.725068,1713198267.7251415,66.8,651206656,2733502464,130940928,4096,1345859584,0,0,637112320,86114304,2940928,55049622,2664908,1
server,2024-04-15-16:24:32.905950,1713198272.9060142,149.0,750047232,2763939840,135528448,4096,1431351296,0,0,440774656,106987520,10874880,74208178,10584038,1
server,2024-04-15-16:24:38.163041,1713198278.163127,97.5,764518400,2983116800,141033472,4096,1476833280,0,0,751046656,107126784,10878976,74226119,10584328,1
server,2024-04-15-16:24:42.894950,1713198282.8949943,105.3,763822080,2982051840,141164544,4096,1475895296,0,0,751534080,107126784,10878976,74227901,10584414,1
server,2024-04-15-16:24:48.011610,1713198288.0116923,104.6,763940864,2982084608,141164544,4096,1475952640,0,0,751583232,107126784,10878976,74245842,10584568,1
server,2024-04-15-16:24:53.077217,1713198293.0772843,100.4,764989440,2983100416,141164544,4096,1476968448,0,0,752656384,107126784,10878976,74247624,10584944,1
server,2024-04-15-16:24:57.834280,1713198297.8343828,307.2,765120512,3058601984,141164544,4096,1495384064,0,0,752734208,107126784,10878976,74265565,10585400,1
server,2024-04-15-16:25:02.857625,1713198302.8577337,117.1,765120512,3058601984,141164544,4096,1495384064,0,0,752734208,107126784,10878976,74267347,10585400,1
server,2024-04-15-16:25:07.722376,1713198307.7224405,115.7,647081984,2991493120,141164544,4096,1431408640,0,0,634699776,107126784,10883072,74285288,10585691,1
server,2024-04-15-16:25:12.834991,1713198312.8350596,105.4,647081984,2991476736,141164544,4096,1431392256,0,0,634695680,107126784,10883072,74287070,10585862,1
server,2024-04-15-16:25:17.980644,1713198317.9807107,93.9,647081984,2991509504,141164544,4096,1431425024,0,0,634712064,107126784,10883072,74305013,10586015,1
server,2024-04-15-16:25:22.707280,1713198322.7073371,117.8,647344128,2991476736,141426688,4096,1431392256,0,0,635002880,107126784,10887168,74306798,10586397,1
server,2024-04-15-16:25:27.722575,1713198327.7226422,76.9,647475200,2991476736,141557760,4096,1431408640,0,0,635088896,107126784,10891264,74328570,10588668,1
server,2024-04-15-16:25:32.713197,1713198332.713251,19.9,653242368,2992545792,141950976,4096,1432461312,0,0,640704512,112357376,11026432,101134988,10712480,1
server,2024-04-15-16:25:37.710489,1713198337.7105556,10.0,653242368,2992545792,141950976,4096,1433473024,0,0,640770048,112357376,11026432,101152933,10712685,1
server,2024-04-15-16:25:42.713603,1713198342.7136698,19.6,653242368,2992545792,141950976,4096,1433473024,0,0,640794624,112357376,11026432,101154719,10712685,1
server,2024-04-15-16:25:47.710520,1713198347.7105818,39.8,653242368,2992545792,141950976,4096,1433473024,0,0,640819200,112357376,11026432,101172664,10712890,1
server,2024-04-15-16:25:52.710840,1713198352.7108934,19.6,653242368,2992545792,141950976,4096,1433473024,0,0,640819200,112357376,11026432,101174450,10712890,1
server,2024-04-15-16:25:57.712159,1713198357.7122126,59.7,653242368,2992545792,141950976,4096,1433473024,0,0,640827392,112357376,11030528,101192395,10713260,1
server,2024-04-15-16:26:02.710790,1713198362.7108483,19.9,653242368,2992545792,141950976,4096,1433473024,0,0,640831488,112357376,11030528,101194181,10713260,1
server,2024-04-15-16:26:07.708792,1713198367.7088509,39.3,653242368,2992545792,141950976,4096,1433473024,0,0,640851968,112357376,11030528,101212126,10713465,1
server,2024-04-15-16:26:12.704990,1713198372.7050493,29.9,767717376,3058606080,141950976,4096,1549717504,0,0,755462144,112357376,11034624,101214260,10713774,1
server,2024-04-15-16:26:17.707283,1713198377.7073355,19.9,658878464,2995691520,141950976,4096,1500753920,0,0,646520832,112357376,11038720,101232205,10714351,1
server,2024-04-15-16:26:22.716033,1713198382.7160902,10.0,658878464,2995691520,141950976,4096,1500753920,0,0,646520832,112357376,11038720,101233992,10714351,1
server,2024-04-15-16:26:27.729139,1713198387.7292051,67.9,658878464,2995691520,141950976,4096,1500762112,0,0,646524928,112357376,11038720,101251938,10714717,1
server,2024-04-15-16:26:32.712427,1713198392.7124872,19.5,658878464,2995691520,141950976,4096,1500762112,0,0,646266880,112357376,11038720,101253725,10714800,1
server,2024-04-15-16:26:37.714755,1713198397.714828,39.6,658878464,2995691520,141950976,4096,1500762112,0,0,646266880,112357376,11038720,101271671,10715005,1
server,2024-04-15-16:26:42.709988,1713198402.710068,19.9,658878464,2995691520,141950976,4096,1500762112,0,0,646266880,112357376,11038720,101273458,10715005,1
server,2024-04-15-16:26:47.715068,1713198407.7151217,68.1,658878464,2995691520,141950976,4096,1500762112,0,0,646266880,112357376,11042816,101291404,10715363,1
server,2024-04-15-16:26:52.717233,1713198412.7172842,19.9,658878464,2995691520,141950976,4096,1500762112,0,0,646266880,112357376,11042816,101293191,10715363,1
server,2024-04-15-16:26:57.713066,1713198417.7131245,57.2,658878464,2995691520,141950976,4096,1500762112,0,0,646266880,112357376,11042816,101311311,10715957,1
server,2024-04-15-16:27:02.708669,1713198422.7087321,19.9,658878464,2995691520,141950976,4096,1500762112,0,0,646270976,112357376,11042816,101313098,10716037,1
server,2024-04-15-16:27:07.711561,1713198427.7116468,39.7,658878464,2995691520,141950976,4096,1500762112,0,0,646270976,112357376,11042816,101331045,10716242,1
server,2024-04-15-16:27:12.711379,1713198432.7114658,19.8,658878464,2995691520,141950976,4096,1500762112,0,0,646270976,112357376,11042816,101332832,10716242,1
server,2024-04-15-16:27:17.710152,1713198437.710213,59.6,658878464,2995691520,141950976,4096,1500762112,0,0,646270976,112357376,11042816,101350779,10716447,1
server,2024-04-15-16:27:22.710147,1713198442.7102091,39.8,658878464,2995691520,141950976,4096,1500762112,0,0,646270976,112357376,11042816,101352566,10716447,1
server,2024-04-15-16:27:27.731654,1713198447.73174,67.3,658878464,2995691520,141950976,4096,1500762112,0,0,646270976,112357376,11046912,101370513,10716970,1
server,2024-04-15-16:27:32.714809,1713198452.7148776,39.9,658878464,2995691520,141950976,4096,1500762112,0,0,645410816,112357376,11046912,101372300,10717049,1
server,2024-04-15-16:27:37.722762,1713198457.7228334,59.5,658878464,2995691520,141950976,4096,1500762112,0,0,645410816,112357376,11046912,101390247,10717254,1
server,2024-04-15-16:27:42.704502,1713198462.7045653,49.9,658878464,2995691520,141950976,4096,1500762112,0,0,645410816,112357376,11046912,101392034,10717254,1
server,2024-04-15-16:27:47.725247,1713198467.7253098,76.0,658878464,2995691520,141950976,4096,1500762112,0,0,645410816,112357376,11051008,101410155,10717763,1
server,2024-04-15-16:27:52.711315,1713198472.711385,59.7,658878464,2995691520,141950976,4096,1500762112,0,0,645410816,112357376,11051008,101411942,10717763,1
server,2024-04-15-16:27:57.724084,1713198477.7241886,58.7,658878464,2995691520,141950976,4096,1500762112,0,0,645410816,112357376,11051008,101429889,10718133,1
server,2024-04-15-16:28:02.716853,1713198482.7169526,49.5,658878464,2995691520,141950976,4096,1500762112,0,0,645410816,112357376,11051008,101431676,10718133,1
server,2024-04-15-16:28:07.717890,1713198487.7179785,29.9,658878464,2995691520,141950976,4096,1500762112,0,0,645410816,112357376,11055104,101449623,10718491,1
server,2024-04-15-16:28:12.722137,1713198492.7222228,59.2,658878464,2995691520,141950976,4096,1500762112,0,0,645410816,112357376,11055104,101451410,10718491,1
server,2024-04-15-16:28:17.712338,1713198497.7124033,49.8,658878464,2995691520,141950976,4096,1500762112,0,0,645410816,112357376,11055104,101469358,10718696,1
server,2024-04-15-16:28:22.712758,1713198502.7128139,59.8,658878464,2995691520,141950976,4096,1500762112,0,0,645410816,112357376,11055104,101471145,10718696,1
server,2024-04-15-16:28:27.737483,1713198507.7376018,73.7,658878464,2995707904,141950976,4096,1500778496,0,0,645419008,112357376,11059200,101489095,10718993,1
server,2024-04-15-16:28:32.715767,1713198512.7158241,19.9,658878464,2995691520,141950976,4096,1500762112,0,0,645410816,112357376,11059200,101490885,10719145,1
server,2024-04-15-16:28:37.709153,1713198517.709214,39.6,658878464,2995691520,141950976,4096,1500762112,0,0,645070848,112357376,11059200,101509009,10719574,1
server,2024-04-15-16:28:42.712983,1713198522.713053,19.9,658878464,2995691520,141950976,4096,1500762112,0,0,645070848,112357376,11059200,101510799,10719654,1
server,2024-04-15-16:28:47.716353,1713198527.716418,59.5,659140608,2995707904,141950976,4096,1500778496,0,0,645214208,112357376,11063296,101528749,10720219,1
server,2024-04-15-16:28:52.712600,1713198532.7126532,19.7,659140608,2995691520,141950976,4096,1500762112,0,0,645206016,112357376,11063296,101530539,10720367,1
server,2024-04-15-16:28:57.712353,1713198537.712406,58.1,659140608,2995691520,141950976,4096,1500786688,0,0,645357568,112357376,11063296,101548489,10720737,1
server,2024-04-15-16:29:02.719399,1713198542.7194514,19.5,659271680,2995691520,141950976,4096,1500786688,0,0,645451776,112357376,11063296,101550279,10720737,1
server,2024-04-15-16:29:07.731694,1713198547.7318163,67.6,659271680,2995707904,141950976,4096,1500807168,0,0,645484544,112357376,11063296,101579890,10721007,1
server,2024-04-15-16:29:12.712499,1713198552.7125647,19.9,659271680,2995707904,141950976,4096,1500807168,0,0,645496832,112357376,11063296,101581680,10721007,1
server,2024-04-15-16:29:17.711555,1713198557.7116234,69.4,659271680,2995707904,141950976,4096,1500807168,0,0,645496832,112357376,11063296,101599630,10721212,1
server,2024-04-15-16:29:22.715412,1713198562.7154768,19.9,659271680,2995707904,141950976,4096,1500807168,0,0,645496832,112357376,11063296,101601420,10721212,1
server,2024-04-15-16:29:27.736333,1713198567.736437,66.8,659271680,2995724288,141950976,4096,1500839936,0,0,645525504,112357376,11067392,101631204,10721800,1
server,2024-04-15-16:29:32.708491,1713198572.70855,89.6,663334912,2995757056,141950976,4096,1500872704,0,0,604581888,112357376,11075584,102703967,10724862,1
server,2024-04-15-16:29:37.714219,1713198577.7142847,39.6,663334912,2995724288,141950976,4096,1500844032,0,0,649732096,112357376,11075584,105877566,10725540,2
server,2024-04-15-16:29:42.718582,1713198582.718633,29.8,663334912,2995724288,141950976,4096,1500844032,0,0,649732096,112357376,11075584,105879356,10725540,2
server,2024-04-15-16:29:47.709521,1713198587.7095933,69.6,663334912,2995724288,141950976,4096,1500844032,0,0,649732096,112357376,11075584,105897307,10725745,2
server,2024-04-15-16:29:52.713308,1713198592.7133636,19.4,663334912,2995724288,141950976,4096,1500844032,0,0,649732096,112357376,11075584,105899097,10725745,2
server,2024-04-15-16:29:57.712934,1713198597.712992,59.4,663334912,2995724288,141950976,4096,1500860416,0,0,649736192,112357376,11079680,105917048,10726115,2
server,2024-04-15-16:30:02.710324,1713198602.7103891,39.3,663334912,2995724288,141950976,4096,1500860416,0,0,649736192,112357376,11079680,105918838,10726115,2
server,2024-04-15-16:30:07.716220,1713198607.716274,58.0,663334912,2995724288,141950976,4096,1500860416,0,0,649736192,112357376,11083776,105936789,10726401,2
server,2024-04-15-16:30:13.039032,1713198613.0390937,101.0,924508160,3330256896,141950976,4096,1762516992,0,0,537022464,112357376,11083776,105938753,10726401,2
server,2024-04-15-16:30:17.717263,1713198617.7173238,66.8,783949824,3141480448,141950976,4096,1630666752,0,0,770088960,112357376,11083776,105956704,10726984,2
server,2024-04-15-16:30:22.712719,1713198622.7127895,19.9,783949824,3141480448,141950976,4096,1630666752,0,0,770088960,112357376,11083776,105958494,10726984,2
server,2024-04-15-16:30:27.722740,1713198627.7228074,59.5,783949824,3141480448,141950976,4096,1630691328,0,0,770142208,112357376,11087872,105976445,10727350,2
server,2024-04-15-16:30:32.717611,1713198632.7176788,19.8,783949824,3141480448,141950976,4096,1630691328,0,0,770142208,112357376,11087872,105978235,10727433,2
server,2024-04-15-16:30:37.724241,1713198637.7242913,28.4,783949824,3141480448,141950976,4096,1630691328,0,0,770142208,112357376,11087872,105996186,10727638,2
server,2024-04-15-16:30:42.710955,1713198642.711033,19.8,783949824,3141480448,141950976,4096,1630691328,0,0,770142208,112357376,11087872,105997976,10727638,2
server,2024-04-15-16:30:47.713598,1713198647.7136502,49.8,783949824,3141480448,141950976,4096,1630691328,0,0,770146304,112357376,11087872,106015927,10727843,2
server,2024-04-15-16:30:57.730838,1713198657.7309246,39.6,786694144,3143561216,141950976,4096,1684094976,0,0,772972544,112357376,11091968,106034226,10728868,2
server,2024-04-15-16:31:02.717463,1713198662.717533,9.8,786694144,3143561216,141950976,4096,1684094976,0,0,772972544,112357376,11091968,106036016,10728868,2
server,2024-04-15-16:31:07.719878,1713198667.7199306,58.6,786694144,3143561216,141950976,4096,1684094976,0,0,772976640,112357376,11096064,106054141,10729377,2
server,2024-04-15-16:31:12.716995,1713198672.7170594,19.6,786694144,3143561216,141950976,4096,1684094976,0,0,772976640,112357376,11096064,106055931,10729377,2
server,2024-04-15-16:31:17.715990,1713198677.7160594,29.8,786694144,3143561216,141950976,4096,1684103168,0,0,772988928,112357376,11096064,106073882,10729582,2
server,2024-04-15-16:31:22.717522,1713198682.717583,19.6,786694144,3143561216,141950976,4096,1684103168,0,0,772988928,112357376,11096064,106075672,10729582,2
server,2024-04-15-16:31:27.724951,1713198687.7250264,66.7,786694144,3143561216,141950976,4096,1684103168,0,0,772988928,112357376,11100160,106093623,10730184,2
server,2024-04-15-16:31:32.724364,1713198692.7244546,59.8,786694144,3143561216,141950976,4096,1684103168,0,0,772988928,112357376,11100160,106095413,10730184,2
server,2024-04-15-16:31:37.719579,1713198697.7196705,59.5,786694144,3143561216,141950976,4096,1684103168,0,0,772988928,112357376,11100160,106113364,10730389,2
server,2024-04-15-16:31:42.706653,1713198702.7067115,39.9,786694144,3143561216,141950976,4096,1684103168,0,0,772988928,112357376,11100160,106115154,10730389,2
server,2024-04-15-16:31:47.728294,1713198707.7283807,58.9,786694144,3143577600,141950976,4096,1684119552,0,0,772997120,112357376,11100160,106133105,10730525,2
server,2024-04-15-16:31:52.727406,1713198712.7275002,39.9,786694144,3143561216,141950976,4096,1684103168,0,0,772988928,112357376,11100160,106134895,10730594,2
server,2024-04-15-16:31:57.728277,1713198717.7283456,67.0,786694144,3143561216,141950976,4096,1684103168,0,0,772988928,112357376,11108352,106153020,10731185,2
server,2024-04-15-16:32:02.725072,1713198722.725149,69.8,786694144,3143561216,141950976,4096,1684103168,0,0,773001216,112357376,11108352,106154810,10731268,2
server,2024-04-15-16:32:07.721326,1713198727.7213938,69.0,786825216,3143561216,141950976,4096,1684103168,0,0,772677632,112357376,11108352,106172761,10731626,2
server,2024-04-15-16:32:12.713581,1713198732.7136455,69.8,786825216,3143561216,141950976,4096,1684103168,0,0,773001216,112357376,11108352,106174551,10731626,2
server,2024-04-15-16:32:17.722334,1713198737.7223916,57.8,786825216,3143561216,141950976,4096,1684103168,0,0,773001216,112357376,11108352,106192502,10731831,2
server,2024-04-15-16:32:22.720254,1713198742.7203403,49.8,786825216,3143561216,141950976,4096,1684103168,0,0,773001216,112357376,11108352,106194292,10731831,2
server,2024-04-15-16:32:27.729035,1713198747.729103,79.4,786825216,3143561216,141950976,4096,1684103168,0,0,773001216,112357376,11112448,106212243,10732280,2
server,2024-04-15-16:32:32.705189,1713198752.7052395,49.8,786825216,3143561216,141950976,4096,1684103168,0,0,773001216,112357376,11112448,106214033,10732280,2
server,2024-04-15-16:32:37.713258,1713198757.7133121,59.6,786825216,3143561216,141950976,4096,1684103168,0,0,773005312,112357376,11112448,106231984,10732485,2
server,2024-04-15-16:32:42.714072,1713198762.7141528,29.9,786825216,3143561216,141950976,4096,1684103168,0,0,773005312,112357376,11112448,106233774,10732485,2
server,2024-04-15-16:32:47.725551,1713198767.72563,67.0,786825216,3143577600,141950976,4096,1684119552,0,0,773017600,112357376,11116544,106251725,10733050,2
server,2024-04-15-16:32:52.709228,1713198772.709293,29.9,786825216,3143561216,141950976,4096,1684103168,0,0,773058560,112357376,11120640,110467889,10736373,3
server,2024-04-15-16:32:57.715966,1713198777.7160208,29.2,786825216,3143561216,141950976,4096,1684140032,0,0,773066752,112357376,11120640,110485840,10736878,3
server,2024-04-15-16:33:02.713753,1713198782.7138133,10.0,786825216,3143561216,141950976,4096,1684140032,0,0,773066752,112357376,11120640,110487630,10736961,3
server,2024-04-15-16:33:07.715216,1713198787.7152894,38.7,786956288,3143561216,141950976,4096,1684176896,0,0,773103616,112357376,11120640,110505581,10737166,3
server,2024-04-15-16:33:12.723801,1713198792.7238731,10.0,786956288,3143561216,141950976,4096,1684176896,0,0,773103616,112357376,11120640,110507371,10737166,3
server,2024-04-15-16:33:17.716050,1713198797.7161334,39.7,786956288,3143561216,141950976,4096,1684185088,0,0,773111808,112357376,11120640,110525322,10737371,3
server,2024-04-15-16:33:22.710797,1713198802.710887,49.8,786956288,3143561216,141950976,4096,1684185088,0,0,773111808,112357376,11120640,110527112,10737371,3
server,2024-04-15-16:33:27.722735,1713198807.7227917,69.4,786956288,3143561216,141950976,4096,1684185088,0,0,773111808,112357376,11124736,110545063,10737901,3
server,2024-04-15-16:33:37.723980,1713198817.724038,48.4,792784896,3147755520,141950976,4096,1690386432,0,0,778919936,112357376,11124736,110563188,10738645,3
server,2024-04-15-16:33:42.722477,1713198822.7225282,19.6,792784896,3147755520,141950976,4096,1690386432,0,0,778919936,112357376,11124736,110564978,10738645,3
server,2024-04-15-16:33:47.711683,1713198827.7117438,59.4,792784896,3147755520,141950976,4096,1690390528,0,0,778924032,112357376,11124736,110582929,10738850,3
server,2024-04-15-16:33:52.725823,1713198832.7258809,19.9,792784896,3147771904,141950976,4096,1690406912,0,0,778928128,112357376,11124736,110604870,10738915,3
server,2024-04-15-16:33:57.717672,1713198837.717792,59.5,792784896,3147771904,141950976,4096,1690406912,0,0,778928128,112357376,11128832,110622821,10739285,3
server,2024-04-15-16:34:02.714591,1713198842.7146711,29.9,792784896,3147771904,141950976,4096,1690406912,0,0,778928128,112357376,11128832,110624611,10739285,3
server,2024-04-15-16:34:07.720700,1713198847.720756,69.3,792784896,3147771904,141950976,4096,1690406912,0,0,778928128,112357376,11132928,110642562,10739564,3
server,2024-04-15-16:34:17.715988,1713198857.7160435,59.1,793042944,3147771904,141950976,4096,1741709312,0,0,779235328,112357376,11137024,110681438,10740543,3
server,2024-04-15-16:34:22.727924,1713198862.7279983,19.9,793042944,3147771904,141950976,4096,1741709312,0,0,779235328,112357376,11137024,110683228,10740543,3
server,2024-04-15-16:34:27.741282,1713198867.7414072,78.7,793042944,3147771904,141950976,4096,1741709312,0,0,779235328,112357376,11141120,110701353,10741051,3
server,2024-04-15-16:34:32.713105,1713198872.7131739,29.9,793042944,3147771904,141950976,4096,1741709312,0,0,779235328,112357376,11141120,110703143,10741296,3
server,2024-04-15-16:34:37.713755,1713198877.7138133,59.3,793042944,3147771904,141950976,4096,1741709312,0,0,779239424,112357376,11141120,110721094,10741501,3
server,2024-04-15-16:34:42.714451,1713198882.714507,19.9,793042944,3147771904,141950976,4096,1741709312,0,0,779239424,112357376,11141120,110722884,10741501,3
server,2024-04-15-16:34:47.716050,1713198887.7161202,48.9,793042944,3147771904,141950976,4096,1741709312,0,0,779239424,112357376,11145216,110740835,10741859,3
server,2024-04-15-16:34:52.715383,1713198892.7154396,29.8,793042944,3147771904,141950976,4096,1741709312,0,0,779239424,112357376,11145216,110742625,10741859,3
server,2024-04-15-16:34:57.712661,1713198897.712735,59.6,793042944,3147771904,141950976,4096,1741709312,0,0,779239424,112357376,11145216,110760576,10742229,3
server,2024-04-15-16:35:02.712178,1713198902.7122405,29.8,793042944,3147771904,141950976,4096,1741709312,0,0,779239424,112357376,11145216,110762366,10742229,3
server,2024-04-15-16:35:07.722722,1713198907.7227721,39.6,793042944,3147771904,141950976,4096,1741709312,0,0,779239424,112357376,11145216,110780317,10742434,3
server,2024-04-15-16:35:12.714556,1713198912.7146273,19.9,793042944,3147771904,141950976,4096,1741709312,0,0,779239424,112357376,11145216,110782107,10742434,3
server,2024-04-15-16:35:17.725147,1713198917.725198,58.2,793042944,3147771904,141950976,4096,1741709312,0,0,779243520,112357376,11149312,110800232,10742943,3
server,2024-04-15-16:35:22.711548,1713198922.71161,39.7,793042944,3147771904,141950976,4096,1741709312,0,0,779243520,112357376,11149312,110802022,10742943,3
server,2024-04-15-16:35:27.726736,1713198927.726818,67.5,793042944,3147771904,141950976,4096,1741709312,0,0,779243520,112357376,11149312,110819973,10743462,3
server,2024-04-15-16:35:32.717692,1713198932.7178195,49.9,793042944,3147771904,141950976,4096,1741709312,0,0,779243520,112357376,11149312,110844169,10743610,3
server,2024-04-15-16:35:37.735656,1713198937.735733,57.9,793042944,3147771904,141950976,4096,1741717504,0,0,779251712,112357376,11149312,110862121,10743815,3
server,2024-04-15-16:35:42.719250,1713198942.7193372,59.2,793042944,3147771904,141950976,4096,1741717504,0,0,779251712,112357376,11149312,110863911,10743815,3
server,2024-04-15-16:35:47.731421,1713198947.7315147,68.7,793042944,3147771904,141950976,4096,1741717504,0,0,779255808,112357376,11149312,110881862,10744020,3
server,2024-04-15-16:35:52.721149,1713198952.7212262,69.7,793042944,3147771904,141950976,4096,1741717504,0,0,779255808,112357376,11149312,110883652,10744020,3
server,2024-04-15-16:35:57.766219,1713198957.7663126,26.1,793042944,3147788288,141950976,4096,1741733888,0,0,779264000,112357376,11153408,110901605,10744238,3
server,2024-04-15-16:36:02.724565,1713198962.7246609,39.8,793042944,3147771904,141950976,4096,1741717504,0,0,779255808,112357376,11153408,110903395,10744390,3
server,2024-04-15-16:36:07.730309,1713198967.7303987,69.1,793042944,3147771904,141950976,4096,1741721600,0,0,779264000,112357376,11153408,110921520,10744972,3
server,2024-04-15-16:36:12.710189,1713198972.7102604,59.8,793042944,3147771904,141950976,4096,1741721600,0,0,779264000,112357376,11153408,110923310,10745052,3
server,2024-04-15-16:36:17.725932,1713198977.7259855,29.8,793042944,3147771904,141950976,4096,1741721600,0,0,779264000,112357376,11153408,110941261,10745257,3
server,2024-04-15-16:36:22.714121,1713198982.7142136,69.7,793042944,3147771904,141950976,4096,1741721600,0,0,779264000,112357376,11153408,110943051,10745257,3
server,2024-04-15-16:36:27.717797,1713198987.7179015,39.9,793042944,3147788288,141950976,4096,1741737984,0,0,779272192,112357376,11157504,110961002,10745554,3
server,2024-04-15-16:36:32.720754,1713198992.7208197,19.9,793042944,3147771904,141950976,4096,1741721600,0,0,779264000,112357376,11157504,110962792,10745706,3
server,2024-04-15-16:36:37.741580,1713198997.7418478,57.0,793042944,3147771904,141950976,4096,1741721600,0,0,779264000,112357376,11157504,110980744,10745911,3
server,2024-04-15-16:36:42.720226,1713199002.7203255,29.9,793042944,3147755520,141950976,4096,1741705216,0,0,605794304,112357376,11157504,110982534,10745911,3
server,2024-04-15-16:36:47.740359,1713199007.7404525,59.1,793042944,3223306240,141950976,4096,1750278144,0,0,779366400,112357376,11161600,111023758,10746473,3
server,2024-04-15-16:36:52.717861,1713199012.7179224,19.8,793042944,3223273472,141950976,4096,1760165888,0,0,779407360,112357376,11161600,111025548,10746689,3
server,2024-04-15-16:36:57.724631,1713199017.724686,76.0,793042944,3223273472,141950976,4096,1760260096,0,0,779456512,112357376,11161600,111043673,10746976,3
server,2024-04-15-16:37:02.711449,1713199022.7115097,19.9,798547968,3223273472,141950976,4096,1760260096,0,0,784896000,112357376,11173888,115259663,10750231,4
server,2024-04-15-16:37:07.720299,1713199027.72036,59.3,798547968,3223273472,141950976,4096,1760350208,0,0,784908288,112357376,11173888,115277614,10750654,4
server,2024-04-15-16:37:12.714011,1713199032.7140641,19.9,798547968,3223273472,141950976,4096,1760350208,0,0,784908288,112357376,11173888,115279404,10750654,4
server,2024-04-15-16:37:17.717242,1713199037.717317,39.7,798679040,3223273472,141950976,4096,1760391168,0,0,784957440,112357376,11173888,115297355,10750859,4
server,2024-04-15-16:37:22.716618,1713199042.7166724,29.9,798679040,3223273472,141950976,4096,1760391168,0,0,784957440,112357376,11173888,115299145,10750859,4
server,2024-04-15-16:37:27.719684,1713199047.7197375,59.8,798679040,3223273472,141950976,4096,1760399360,0,0,784965632,112357376,11177984,115317096,10751224,4
server,2024-04-15-16:37:32.710016,1713199052.7100813,79.8,933240832,3405742080,141950976,4096,1895890944,0,0,911032320,112357376,11177984,115319060,10751389,4
server,2024-04-15-16:37:37.722522,1713199057.7225733,49.5,802054144,3226419200,141950976,4096,1763545088,0,0,788058112,112357376,11177984,115337011,10751814,4
server,2024-04-15-16:37:42.714178,1713199062.7142282,19.6,802054144,3226419200,141950976,4096,1763545088,0,0,788058112,112357376,11177984,115338801,10751814,4
server,2024-04-15-16:37:47.721848,1713199067.7219296,48.3,802054144,3226419200,141950976,4096,1763549184,0,0,788062208,112357376,11182080,115356752,10752177,4
server,2024-04-15-16:37:52.711361,1713199072.7114234,49.8,802054144,3218010112,141950976,4096,1755144192,0,0,788033536,112357376,11182080,115358542,10752177,4
server,2024-04-15-16:37:57.720250,1713199077.7203045,65.8,802054144,3218010112,141950976,4096,1755172864,0,0,788070400,112357376,11182080,115376493,10752547,4
server,2024-04-15-16:38:02.714497,1713199082.7145543,39.3,802054144,3218010112,141950976,4096,1755172864,0,0,788070400,112357376,11182080,115378283,10752547,4
server,2024-04-15-16:38:07.719719,1713199087.7197719,79.6,802054144,3218010112,141950976,4096,1755176960,0,0,788078592,112357376,11182080,115396234,10752752,4
server,2024-04-15-16:38:17.723621,1713199097.7236974,29.7,849907712,3219058688,141950976,4096,1803046912,0,0,835932160,112357376,11186176,115414533,10753612,4
server,2024-04-15-16:38:22.712482,1713199102.712547,49.7,849907712,3219058688,141950976,4096,1803046912,0,0,835932160,112357376,11186176,115416323,10753612,4
server,2024-04-15-16:38:27.730923,1713199107.7310066,38.6,849907712,3219058688,141950976,4096,1803055104,0,0,835944448,112357376,11190272,115434274,10753978,4
server,2024-04-15-16:38:32.709914,1713199112.709977,49.7,849907712,3219058688,141950976,4096,1803055104,0,0,835944448,112357376,11190272,115436064,10754061,4
server,2024-04-15-16:38:37.716691,1713199117.7167616,19.9,849907712,3219058688,141950976,4096,1803055104,0,0,835948544,112357376,11190272,115454015,10754266,4
server,2024-04-15-16:38:42.712738,1713199122.7128003,39.8,849907712,3219058688,141950976,4096,1803055104,0,0,835948544,112357376,11190272,115455979,10754570,4
server,2024-04-15-16:38:47.722988,1713199127.7230525,29.8,849907712,3219058688,141950976,4096,1803055104,0,0,835948544,112357376,11194368,115473930,10754928,4
server,2024-04-15-16:38:52.713502,1713199132.7135675,49.7,849907712,3219058688,141950976,4096,1803055104,0,0,835948544,112357376,11194368,115475720,10754928,4
server,2024-04-15-16:38:57.721143,1713199137.7212157,57.6,849907712,3219058688,141950976,4096,1803055104,0,0,835948544,112357376,11194368,115493671,10755298,4
server,2024-04-15-16:39:02.723444,1713199142.7235184,29.8,849907712,3219058688,141950976,4096,1803055104,0,0,835948544,112357376,11194368,115495461,10755298,4
server,2024-04-15-16:39:07.726169,1713199147.7262366,49.6,849907712,3219075072,141950976,4096,1803071488,0,0,835956736,112357376,11194368,115541341,10755568,4
server,2024-04-15-16:39:12.732732,1713199152.7327967,19.9,849907712,3219075072,141950976,4096,1803071488,0,0,835956736,112357376,11194368,115543131,10755568,4
server,2024-04-15-16:39:17.719441,1713199157.719495,59.6,849907712,3219075072,141950976,4096,1803071488,0,0,835956736,112357376,11194368,115561082,10755773,4
server,2024-04-15-16:39:22.720660,1713199162.7207413,29.8,849907712,3219075072,141950976,4096,1803071488,0,0,835956736,112357376,11194368,115562872,10755773,4
server,2024-04-15-16:39:27.743989,1713199167.7440755,71.1,849907712,3219075072,141950976,4096,1803079680,0,0,835960832,112357376,11198464,115580998,10756520,4
server,2024-04-15-16:39:32.720280,1713199172.7203672,29.9,849907712,3219075072,141950976,4096,1803079680,0,0,835960832,112357376,11198464,115582788,10756679,4
server,2024-04-15-16:39:37.734898,1713199177.734959,69.5,849907712,3219091456,141950976,4096,1803096064,0,0,835969024,112357376,11198464,115600739,10756815,4
server,2024-04-15-16:39:42.726841,1713199182.726909,57.8,849907712,3219075072,141950976,4096,1803079680,0,0,835960832,112357376,11198464,115602529,10756884,4
server,2024-04-15-16:39:47.736384,1713199187.7364714,56.4,849907712,3219091456,141950976,4096,1803096064,0,0,835969024,112357376,11198464,115620481,10757020,4
server,2024-04-15-16:39:52.720680,1713199192.720765,59.1,849907712,3219075072,141950976,4096,1803079680,0,0,835960832,112357376,11198464,115622271,10757089,4
server,2024-04-15-16:39:57.735671,1713199197.735759,56.0,849907712,3219091456,141950976,4096,1803096064,0,0,835964928,112357376,11206656,115640222,10757307,4
server,2024-04-15-16:40:02.729379,1713199202.7294753,29.9,849907712,3219075072,141950976,4096,1803079680,0,0,835960832,112357376,11206656,115642012,10757459,4
server,2024-04-15-16:40:07.742634,1713199207.7427194,78.4,849907712,3219091456,141950976,4096,1803096064,0,0,835969024,112357376,11206656,115659964,10757748,4
server,2024-04-15-16:40:12.727604,1713199212.727691,49.0,849907712,3219058688,141950976,4096,1803063296,0,0,835956736,112357376,11206656,115661754,10757817,4
server,2024-04-15-16:40:17.742968,1713199217.7430809,56.5,849907712,3219075072,141950976,4096,1803079680,0,0,835964928,112357376,11210752,115679879,10758177,4
server,2024-04-15-16:40:22.722858,1713199222.722947,59.8,849907712,3219058688,141950976,4096,1803063296,0,0,835960832,112357376,11210752,115681669,10758326,4
server,2024-04-15-16:40:27.748986,1713199227.749072,37.9,849907712,3219058688,141950976,4096,1803063296,0,0,835960832,112357376,11210752,115699621,10758692,4
server,2024-04-15-16:40:32.720514,1713199232.720588,79.1,849907712,3219058688,141950976,4096,1803063296,0,0,835960832,112357376,11210752,115701411,10758775,4
server,2024-04-15-16:40:37.725150,1713199237.7252152,59.7,849907712,3219058688,141950976,4096,1803063296,0,0,835969024,112357376,11210752,115719362,10758980,4
server,2024-04-15-16:40:42.714266,1713199242.7143266,49.8,849907712,3219075072,141950976,4096,1803079680,0,0,835977216,112357376,11210752,115750648,10759045,4
server,2024-04-15-16:40:47.721025,1713199247.7210844,58.9,849907712,3219075072,141950976,4096,1803079680,0,0,835981312,112357376,11214848,115768600,10759580,4
server,2024-04-15-16:40:52.722349,1713199252.7224143,19.7,849907712,3219075072,141950976,4096,1803079680,0,0,835981312,112357376,11214848,115770390,10759580,4
server,2024-04-15-16:40:57.715994,1713199257.7160463,59.7,849907712,3219075072,141950976,4096,1803079680,0,0,835981312,112357376,11218944,115788341,10759950,4
server,2024-04-15-16:41:02.730401,1713199262.7304776,19.9,849907712,3219075072,141950976,4096,1803079680,0,0,835981312,112357376,11218944,115790131,10759950,4
server,2024-04-15-16:41:07.717553,1713199267.7176037,67.5,849907712,3219075072,141950976,4096,1803079680,0,0,835989504,112357376,11218944,115838179,10760444,4
server,2024-04-15-16:41:12.713767,1713199272.7138388,39.7,849907712,3219075072,141950976,4096,1803079680,0,0,835989504,112357376,11218944,115839969,10760524,4
server,2024-04-15-16:41:17.723359,1713199277.7234223,59.3,849907712,3219075072,141950976,4096,1803079680,0,0,835989504,112357376,11218944,115888147,10760794,4
server,2024-04-15-16:41:22.716719,1713199282.7167904,49.8,849907712,3219075072,141950976,4096,1803079680,0,0,835989504,112357376,11218944,115889937,10760794,4
server,2024-04-15-16:41:27.733270,1713199287.7333517,48.5,849907712,3219091456,141950976,4096,1803096064,0,0,836001792,112357376,11223040,115907888,10761182,4
server,2024-04-15-16:41:32.716673,1713199292.716747,59.8,849907712,3219075072,141950976,4096,1803079680,0,0,835993600,112357376,11223040,115909678,10761574,4
server,2024-04-15-16:41:37.723425,1713199297.7235103,59.5,849907712,3219075072,141950976,4096,1803079680,0,0,835993600,112357376,11223040,115927629,10761779,4
server,2024-04-15-16:41:42.723254,1713199302.7233338,19.9,849907712,3219075072,141950976,4096,1803079680,0,0,835997696,112357376,11223040,115960152,10761844,4
server,2024-04-15-16:41:47.715503,1713199307.7155666,59.6,849907712,3219075072,141950976,4096,1803079680,0,0,835997696,112357376,11223040,115978103,10762049,4
server,2024-04-15-16:41:52.715658,1713199312.7157135,19.5,849907712,3219075072,141950976,4096,1803079680,0,0,835997696,112357376,11223040,115979893,10762049,4
server,2024-04-15-16:41:57.716452,1713199317.7165067,59.5,849907712,3219075072,141950976,4096,1803100160,0,0,836018176,112357376,11227136,115998018,10762419,4
server,2024-04-15-16:42:02.711675,1713199322.711739,29.9,853970944,3219075072,141950976,4096,1803100160,0,0,840138752,112357376,11231232,120214008,10765591,5
server,2024-04-15-16:42:07.718636,1713199327.7187197,58.0,853970944,3219075072,141950976,4096,1803116544,0,0,840142848,112357376,11235328,120231959,10766095,5
server,2024-04-15-16:42:12.715498,1713199332.715557,49.7,1100251136,3465490432,141950976,4096,2001448960,0,0,1086423040,112357376,11235328,120233749,10766315,5
server,2024-04-15-16:42:17.724685,1713199337.7247484,39.6,972095488,3289329664,141950976,4096,1872273408,0,0,958230528,112357376,11235328,120251700,10766520,5
server,2024-04-15-16:42:22.714698,1713199342.7147608,39.8,972095488,3289329664,141950976,4096,1872273408,0,0,958230528,112357376,11235328,120253490,10766520,5
server,2024-04-15-16:42:27.725138,1713199347.7251966,69.6,972095488,3289329664,141950976,4096,1872297984,0,0,958263296,112357376,11239424,120271441,10766969,5
server,2024-04-15-16:42:32.718048,1713199352.7181172,19.8,972095488,3289329664,141950976,4096,1872297984,0,0,958263296,112357376,11239424,120273231,10766969,5
server,2024-04-15-16:42:37.717832,1713199357.7178905,39.6,972095488,3289329664,141950976,4096,1872330752,0,0,958296064,112357376,11239424,120291182,10767174,5
server,2024-04-15-16:42:42.719363,1713199362.719418,19.9,972095488,3289329664,141950976,4096,1872330752,0,0,958296064,112357376,11239424,120292973,10767174,5
server,2024-04-15-16:42:47.721257,1713199367.7213264,59.4,972095488,3289329664,141950976,4096,1872330752,0,0,958296064,112357376,11243520,120310925,10767611,5
server,2024-04-15-16:42:53.895699,1713199373.8957522,79.9,1094307840,3354324992,141950976,4096,1938169856,0,0,1080549376,112357376,11243520,120313064,10767798,5
server,2024-04-15-16:42:57.734155,1713199377.7342398,29.6,973312000,3290361856,141950976,4096,1874206720,0,0,959520768,112357376,11243520,120331016,10768347,5
server,2024-04-15-16:43:02.718138,1713199382.7181942,19.7,973312000,3290361856,141950976,4096,1874206720,0,0,959520768,112357376,11243520,120332807,10768430,5
server,2024-04-15-16:43:07.717248,1713199387.7173002,59.4,973312000,3290361856,141950976,4096,1874206720,0,0,959520768,112357376,11243520,120350759,10768635,5
server,2024-04-15-16:43:12.716687,1713199392.7167447,29.8,973312000,3290361856,141950976,4096,1874206720,0,0,959520768,112357376,11243520,120352550,10768635,5
server,2024-04-15-16:43:17.717527,1713199397.7175915,59.6,973312000,3290361856,141950976,4096,1874206720,0,0,959528960,112357376,11243520,120370502,10768840,5
server,2024-04-15-16:43:22.714604,1713199402.7146676,39.8,973312000,3290361856,141950976,4096,1874206720,0,0,959528960,112357376,11243520,120372293,10768840,5
server,2024-04-15-16:43:27.733485,1713199407.7335565,75.0,973312000,3290361856,141950976,4096,1874206720,0,0,959528960,112357376,11247616,120390245,10769442,5
server,2024-04-15-16:43:32.728617,1713199412.728691,59.5,973312000,3290361856,141950976,4096,1874206720,0,0,959528960,112357376,11247616,120392036,10769442,5
server,2024-04-15-16:43:37.738706,1713199417.7387776,59.7,973312000,3290378240,141950976,4096,1874223104,0,0,959537152,112357376,11247616,120410162,10769803,5
server,2024-04-15-16:43:42.713469,1713199422.7135386,49.9,973312000,3290361856,141950976,4096,1874206720,0,0,959528960,112357376,11247616,120411953,10769951,5
server,2024-04-15-16:43:47.730166,1713199427.7302592,19.9,973312000,3290361856,141950976,4096,1874206720,0,0,959528960,112357376,11247616,120429905,10770156,5
server,2024-04-15-16:43:52.722548,1713199432.7226067,69.3,973312000,3290361856,141950976,4096,1874206720,0,0,959528960,112357376,11247616,120431696,10770156,5
server,2024-04-15-16:43:57.733691,1713199437.733813,67.4,973312000,3290361856,141950976,4096,1874206720,0,0,959528960,112357376,11251712,120449648,10770526,5
server,2024-04-15-16:44:02.727910,1713199442.7279906,59.8,973312000,3290361856,141950976,4096,1874206720,0,0,959528960,112357376,11251712,120451439,10770526,5
server,2024-04-15-16:44:07.731345,1713199447.7314003,57.8,973312000,3290394624,141950976,4096,1874251776,0,0,959561728,112357376,11251712,120469391,10770662,5
server,2024-04-15-16:44:12.723108,1713199452.7231839,39.8,973312000,3290378240,141950976,4096,1874235392,0,0,959549440,112357376,11251712,120506354,10770949,5
server,2024-04-15-16:44:17.739526,1713199457.7395961,59.6,973312000,3290378240,141950976,4096,1874235392,0,0,959549440,112357376,11251712,120524306,10771154,5
server,2024-04-15-16:44:22.738037,1713199462.7381454,29.9,973312000,3290378240,141950976,4096,1874235392,0,0,959549440,112357376,11251712,120526097,10771154,5
server,2024-04-15-16:44:27.744350,1713199467.744421,65.5,973312000,3290394624,141950976,4096,1874259968,0,0,959565824,112357376,11255808,120544223,10771593,5
server,2024-04-15-16:44:32.714322,1713199472.7144,49.8,973312000,3290378240,141950976,4096,1874243584,0,0,959557632,112357376,11255808,120546014,10771907,5
server,2024-04-15-16:44:37.718680,1713199477.7187583,39.7,973312000,3290378240,141950976,4096,1874243584,0,0,959557632,112357376,11255808,120563966,10772112,5
server,2024-04-15-16:44:42.726010,1713199482.7260692,19.9,973312000,3290378240,141950976,4096,1874243584,0,0,959557632,112357376,11255808,120565757,10772112,5
server,2024-04-15-16:44:47.733273,1713199487.7333403,66.2,973443072,3298787328,141950976,4096,1882648576,0,0,757661696,112357376,11259904,120583709,10772678,5
server,2024-04-15-16:44:52.720711,1713199492.7208054,39.8,973443072,3298770944,141950976,4096,1882632192,0,0,959582208,112357376,11259904,120585500,10772825,5
server,2024-04-15-16:44:57.717115,1713199497.7171683,59.5,973443072,3298770944,141950976,4096,1882640384,0,0,959586304,112357376,11259904,120603452,10773195,5
server,2024-04-15-16:45:02.724297,1713199502.7243567,19.9,973443072,3298770944,141950976,4096,1882640384,0,0,959586304,112357376,11259904,120605243,10773195,5
server,2024-04-15-16:45:07.735308,1713199507.7353942,49.7,973443072,3298770944,141950976,4096,1882640384,0,0,959594496,112357376,11259904,120623195,10773400,5
server,2024-04-15-16:45:12.720408,1713199512.7204647,29.9,973443072,3298770944,141950976,4096,1882640384,0,0,959594496,112357376,11259904,120624986,10773400,5
server,2024-04-15-16:45:17.744463,1713199517.7445443,49.4,973443072,3298787328,141950976,4096,1882656768,0,0,949940224,112357376,11259904,120642938,10773537,5
server,2024-04-15-16:45:22.714174,1713199522.7142355,29.9,974622720,3298770944,141950976,4096,1882640384,0,0,960806912,112357376,11272192,124859103,10776778,6
server,2024-04-15-16:45:27.725367,1713199527.7254395,66.3,974622720,3298770944,141950976,4096,1882656768,0,0,960811008,112357376,11272192,124877055,10777519,6
server,2024-04-15-16:45:32.718071,1713199532.7181256,29.9,974622720,3298770944,141950976,4096,1882656768,0,0,960811008,112357376,11272192,124878846,10777968,6
server,2024-04-15-16:45:37.721139,1713199537.7211938,58.0,974622720,3298770944,141950976,4096,1882693632,0,0,960815104,112357376,11272192,124896798,10778173,6
server,2024-04-15-16:45:42.719910,1713199542.7199788,19.6,974622720,3298770944,141950976,4096,1882693632,0,0,960815104,112357376,11272192,124898589,10778173,6
server,2024-04-15-16:45:47.716684,1713199547.7167382,19.9,974622720,3298770944,141950976,4096,1882714112,0,0,960819200,112357376,11272192,124916541,10778378,6
server,2024-04-15-16:45:52.714909,1713199552.714971,59.8,974622720,3290361856,141950976,4096,1874309120,0,0,960798720,112357376,11272192,124918332,10778378,6
server,2024-04-15-16:45:57.727099,1713199557.727163,57.5,974622720,3290361856,141950976,4096,1874345984,0,0,960839680,112357376,11276288,124936284,10778748,6
server,2024-04-15-16:46:02.724356,1713199562.7244189,29.9,974622720,3290361856,141950976,4096,1874345984,0,0,960839680,112357376,11276288,124938075,10778748,6
server,2024-04-15-16:46:07.719578,1713199567.7196305,69.1,974622720,3290361856,141950976,4096,1874345984,0,0,960839680,112357376,11276288,124956027,10779264,6
server,2024-04-15-16:46:12.717217,1713199572.7172763,19.6,974622720,3290361856,141950976,4096,1874345984,0,0,960839680,112357376,11276288,124957818,10779264,6
server,2024-04-15-16:46:17.728523,1713199577.7285738,49.4,974622720,3290361856,141950976,4096,1874350080,0,0,960843776,112357376,11276288,124975770,10779469,6
server,2024-04-15-16:46:22.714301,1713199582.714367,39.8,974622720,3290361856,141950976,4096,1874350080,0,0,960843776,112357376,11276288,124977561,10779469,6
server,2024-04-15-16:46:27.724178,1713199587.7242324,57.9,974622720,3290361856,141950976,4096,1874350080,0,0,960847872,112357376,11280384,124995513,10779918,6
server,2024-04-15-16:46:32.716244,1713199592.7163076,39.8,974622720,3290361856,141950976,4096,1874350080,0,0,960847872,112357376,11280384,124997304,10779918,6
server,2024-04-15-16:46:37.731652,1713199597.7317324,69.1,974622720,3290361856,141950976,4096,1874350080,0,0,960847872,112357376,11280384,125015257,10780123,6
server,2024-04-15-16:46:42.717911,1713199602.7179725,19.6,974622720,3290378240,141950976,4096,1874366464,0,0,960851968,112357376,11280384,125056656,10780188,6
server,2024-04-15-16:46:47.723616,1713199607.7236729,67.7,974622720,3290378240,141950976,4096,1874366464,0,0,960851968,112357376,11284480,125074608,10780546,6
server,2024-04-15-16:46:52.714573,1713199612.7146363,39.8,974622720,3290378240,141950976,4096,1874366464,0,0,960851968,112357376,11284480,125076399,10780546,6
server,2024-04-15-16:46:57.734971,1713199617.7350707,59.4,974622720,3290378240,141950976,4096,1874366464,0,0,960856064,112357376,11284480,125094352,10781074,6
server,2024-04-15-16:47:02.720105,1713199622.72017,19.8,974622720,3290378240,141950976,4096,1874366464,0,0,960856064,112357376,11284480,125096143,10781074,6
server,2024-04-15-16:47:07.731627,1713199627.7316916,49.3,974622720,3290378240,141950976,4096,1874366464,0,0,960856064,112357376,11284480,125114095,10781279,6
server,2024-04-15-16:47:12.724394,1713199632.7244618,19.9,974622720,3290378240,141950976,4096,1874366464,0,0,960856064,112357376,11284480,125115886,10781279,6
server,2024-04-15-16:47:17.717014,1713199637.7170844,39.7,974622720,3290378240,141950976,4096,1874366464,0,0,960856064,112357376,11284480,125133838,10781484,6
server,2024-04-15-16:47:22.730179,1713199642.7302465,19.9,974622720,3290378240,141950976,4096,1874366464,0,0,960856064,112357376,11284480,125135629,10781484,6
server,2024-04-15-16:47:27.738885,1713199647.738981,66.2,974622720,3290378240,141950976,4096,1874366464,0,0,960860160,112357376,11288576,125193665,10781989,6
server,2024-04-15-16:47:32.729367,1713199652.7294762,19.9,974622720,3290378240,141950976,4096,1874366464,0,0,960860160,112357376,11288576,125195456,10782151,6
server,2024-04-15-16:47:37.724996,1713199657.7250779,69.6,974622720,3290378240,141950976,4096,1874366464,0,0,960860160,112357376,11288576,125213408,10782356,6
server,2024-04-15-16:47:42.722279,1713199662.7223625,29.4,974622720,3290378240,141950976,4096,1874366464,0,0,960860160,112357376,11288576,125215199,10782356,6
server,2024-04-15-16:47:47.721063,1713199667.721118,49.1,974622720,3290378240,141950976,4096,1874366464,0,0,960860160,112357376,11292672,125233151,10782719,6
server,2024-04-15-16:47:52.722590,1713199672.7226536,19.9,974622720,3290378240,141950976,4096,1874366464,0,0,960860160,112357376,11292672,125234942,10782719,6
server,2024-04-15-16:47:57.722981,1713199677.723042,59.4,974753792,3290378240,141950976,4096,1874366464,0,0,960864256,112357376,11292672,125252894,10783089,6
server,2024-04-15-16:48:02.722755,1713199682.7228217,19.9,974753792,3290378240,141950976,4096,1874366464,0,0,960864256,112357376,11292672,125254685,10783089,6
server,2024-04-15-16:48:07.741790,1713199687.741893,59.3,974753792,3290378240,141950976,4096,1874366464,0,0,960864256,112357376,11296768,125272638,10783447,6
server,2024-04-15-16:48:12.739342,1713199692.7394302,29.9,974753792,3290378240,141950976,4096,1874366464,0,0,960864256,112357376,11296768,125274429,10783447,6
server,2024-04-15-16:48:17.715167,1713199697.7152205,39.5,974753792,3290378240,141950976,4096,1874366464,0,0,960864256,112357376,11296768,125292381,10783652,6
server,2024-04-15-16:48:22.718946,1713199702.7190168,59.7,974753792,3290378240,141950976,4096,1874366464,0,0,960864256,112357376,11296768,125294172,10783652,6
server,2024-04-15-16:48:27.725255,1713199707.7253144,56.7,974753792,3290378240,141950976,4096,1874366464,0,0,960864256,112357376,11304960,125312124,10784101,6
server,2024-04-15-16:48:32.724776,1713199712.7248402,39.8,974753792,3290361856,141950976,4096,1874350080,0,0,960860160,112357376,11304960,125313915,10784101,6
server,2024-04-15-16:48:37.733746,1713199717.7338135,66.4,974753792,3290361856,141950976,4096,1874350080,0,0,960860160,112357376,11304960,125331867,10784464,6
server,2024-04-15-17:05:56.974267,1713200756.9743621,19.8,342061056,1757089792,125435904,4096,859250688,0,0,329641984,0,8192,55024410,11643,6
server,2024-04-15-17:06:01.968964,1713200761.9690576,59.5,342454272,1983627264,125435904,4096,894758912,0,0,330121216,0,8192,55042333,11779,6
server,2024-04-15-17:06:06.959875,1713200766.9599383,19.9,342585344,1983627264,125435904,4096,904712192,0,0,330395648,0,8192,55044937,11913,6
server,2024-04-15-17:06:11.967497,1713200771.967594,19.8,342716416,2059161600,125435904,4096,913289216,0,0,330510336,0,8192,55063352,12046,6
server,2024-04-15-17:06:16.963834,1713200776.9639268,39.5,342847488,2059128832,125435904,4096,923230208,0,0,330637312,0,8192,55065609,12248,6
server,2024-04-15-17:06:21.977419,1713200781.9775603,28.9,342847488,2134679552,125435904,4096,931815424,0,0,330723328,0,12288,55084024,12463,6
server,2024-04-15-17:06:26.961778,1713200786.961854,29.1,343240704,2134646784,125435904,4096,941727744,0,0,330801152,0,12288,55085793,12683,6
server,2024-04-15-17:06:31.967703,1713200791.9678051,29.2,343240704,2134679552,125435904,4096,941780992,0,0,330854400,0,12288,55103720,12751,6
server,2024-04-15-17:06:36.959181,1713200796.9592435,29.9,343240704,2134646784,125435904,4096,941748224,0,0,330883072,0,12288,55106299,13106,6
server,2024-04-15-17:06:41.956842,1713200801.956905,39.4,343240704,2134679552,125435904,4096,941785088,0,0,330928128,0,16384,55124226,13252,6
server,2024-04-15-17:06:46.960253,1713200806.960342,10.0,343371776,2134646784,125435904,4096,941752320,0,0,331014144,0,16384,55125995,13469,6
server,2024-04-15-17:06:51.965680,1713200811.965797,39.5,343371776,2210197504,125435904,4096,950341632,0,0,331112448,0,16384,55144890,13602,6
server,2024-04-15-17:06:56.959426,1713200816.9594822,29.9,343502848,2210164736,125435904,4096,960278528,0,0,331304960,0,16384,55146659,13983,6
server,2024-04-15-17:07:01.976850,1713200821.9770012,19.7,343502848,2211246080,125435904,4096,961359872,0,0,331370496,0,16384,55164586,14051,6
server,2024-04-15-17:07:06.966731,1713200826.9668193,29.9,343502848,2211213312,125435904,4096,961335296,0,0,331390976,0,16384,55166355,14188,6
server,2024-04-15-17:07:11.973292,1713200831.9733863,27.9,343502848,2211246080,125435904,4096,961368064,0,0,331440128,0,20480,55184282,14330,6
server,2024-04-15-17:07:16.959706,1713200836.9598053,59.8,343764992,2211213312,125435904,4096,961368064,0,0,331468800,0,20480,55186051,14546,6
server,2024-04-15-17:07:21.964253,1713200841.9643269,19.9,343764992,2211246080,125435904,4096,961400832,0,0,331517952,0,20480,55203978,14696,6
server,2024-04-15-17:07:26.961853,1713200846.961975,29.9,343764992,2211213312,125435904,4096,961429504,0,0,331579392,0,20480,55205747,14916,6
server,2024-04-15-17:07:31.961316,1713200851.9613864,49.2,343764992,2211246080,125435904,4096,961462272,0,0,331653120,0,24576,55223674,15062,6
server,2024-04-15-17:07:36.964173,1713200856.964257,29.9,343896064,2211213312,125435904,4096,961454080,0,0,331706368,0,24576,55227131,15344,6
server,2024-04-15-17:07:41.980871,1713200861.9809616,29.3,344027136,2211246080,125435904,4096,961511424,0,0,331751424,0,24576,55245058,15412,6
server,2024-04-15-17:07:46.960312,1713200866.9603846,19.9,344027136,2211213312,125435904,4096,961482752,0,0,331763712,0,24576,55246827,15549,6
server,2024-04-15-17:07:51.971929,1713200871.9720135,69.7,344027136,2286764032,125435904,4096,970076160,0,0,331841536,0,28672,55264754,15852,6
server,2024-04-15-17:07:56.957091,1713200876.9571648,10.0,344289280,2286731264,125435904,4096,979988480,0,0,331984896,0,28672,55266523,16151,6
server,2024-04-15-17:08:01.964158,1713200881.9642403,19.8,344289280,2286764032,125435904,4096,980041728,0,0,332034048,0,28672,55284450,16219,6
server,2024-04-15-17:08:06.959960,1713200886.9600327,10.0,344289280,2286731264,125435904,4096,980037632,0,0,332066816,0,28672,55286219,16356,6
server,2024-04-15-17:08:11.956843,1713200891.956896,39.8,344420352,2286764032,125435904,4096,980070400,0,0,332054528,0,28672,55304146,16424,6
server,2024-04-15-17:08:16.962425,1713200896.9624848,29.9,344944640,2286731264,125435904,4096,980168704,0,0,332427264,0,28672,55305915,16561,6
server,2024-04-15-17:08:21.960232,1713200901.9603071,29.7,345075712,2286764032,125435904,4096,980357120,0,0,332591104,0,32768,55323842,16789,6
server,2024-04-15-17:08:26.958118,1713200906.9581945,29.9,345206784,2286731264,125435904,4096,980447232,0,0,332742656,0,32768,55325611,17089,6
server,2024-04-15-17:08:31.968204,1713200911.968294,39.6,345206784,2286764032,125435904,4096,980496384,0,0,332779520,0,32768,55343538,17231,6
server,2024-04-15-17:08:36.962891,1713200916.9629714,59.8,345206784,2286731264,125435904,4096,980484096,0,0,332783616,0,32768,55345308,17447,6
server,2024-04-15-17:08:41.955274,1713200921.9553518,39.6,345206784,2286764032,125435904,4096,980516864,0,0,332849152,0,32768,55363236,17515,6
server,2024-04-15-17:08:46.966096,1713200926.9661543,19.4,345206784,2286731264,125435904,4096,980484096,0,0,332832768,0,32768,55365006,17652,6
server,2024-04-15-17:08:51.975633,1713200931.9757106,19.4,345206784,2286747648,125435904,4096,980500480,0,0,332840960,0,36864,55382934,17802,6
server,2024-04-15-17:08:56.963954,1713200936.9640422,19.9,345206784,2286714880,125435904,4096,980500480,0,0,332881920,0,36864,55384704,18101,6
server,2024-04-15-17:09:01.969280,1713200941.9693713,19.9,345206784,2286747648,125435904,4096,980549632,0,0,332914688,0,36864,55402633,18169,6
server,2024-04-15-17:09:06.966106,1713200946.9661791,19.9,345206784,2286714880,125435904,4096,980516864,0,0,332922880,0,36864,55404403,18306,6
server,2024-04-15-17:09:11.968110,1713200951.9682024,28.8,345206784,2286747648,125435904,4096,980561920,0,0,332947456,0,40960,55422331,18526,6
server,2024-04-15-17:09:16.961483,1713200956.961568,29.9,345468928,2286714880,125435904,4096,980529152,0,0,333201408,0,40960,55424101,18822,6
server,2024-04-15-17:09:21.965961,1713200961.966023,39.6,345468928,2286747648,125435904,4096,980561920,0,0,333217792,0,40960,55442029,18972,6
server,2024-04-15-17:09:26.962050,1713200966.96211,19.9,345468928,2286714880,125435904,4096,980545536,0,0,333213696,0,40960,55443799,19192,6
server,2024-04-15-17:09:31.960176,1713200971.9602625,19.9,345468928,2286747648,125435904,4096,980578304,0,0,333230080,0,40960,55461727,19260,6
server,2024-04-15-17:09:36.961895,1713200976.9619532,29.9,345600000,2286714880,125435904,4096,980574208,0,0,333242368,0,40960,55463497,19397,6
server,2024-04-15-17:09:41.964409,1713200981.9644773,29.0,345600000,2286747648,125435904,4096,980606976,0,0,333258752,0,40960,55481425,19465,6
server,2024-04-15-17:09:46.969004,1713200986.9690926,29.1,345600000,2286714880,125435904,4096,980574208,0,0,333258752,0,40960,55483195,19602,6
