name,date,time,cpu-percent,ram-percent,ram-total-bytes,ram-free-bytes,ram-used-bytes,disk-total-bytes,disk-free-bytes,disk-used-bytes,network-sent-bytes,network-received-bytes,network-packets-sent,network-packets-received,network-packets-sending-errors,network-packets-reciving-errors,network-packets-outgoing-dropped,network-packets-incoming-dropped,cycle
system,2024-04-15-16:23:17.586449,1713198197.586576,72.2,54.2,16650469376,4252536832,7697178624,370490241024,95055532032,256539791360,24771603,33146299,5983,6130,0,0,0,0,1
system,2024-04-15-16:23:27.588303,1713198207.5883973,61.3,53.8,16650469376,4314206208,7679418368,370490241024,95055335424,256539987968,24892989,33247261,6176,6329,0,0,0,0,1
system,2024-04-15-16:23:38.129353,1713198218.1293936,13.3,54.6,16650469376,4167688192,7800954880,370490241024,95039270912,256556052480,40983276,58274676,7238,7328,0,0,0,0,1
system,2024-04-15-16:23:47.584808,1713198227.584877,11.2,54.7,16650469376,4147908608,7819403264,370490241024,95032115200,256563208192,48189067,58446532,7671,7636,0,0,0,0,1
system,2024-04-15-16:23:57.585059,1713198237.5851145,13.7,54.7,16650469376,4147650560,7819124736,370490241024,95031980032,256563343360,48328003,58565782,7870,7825,0,0,0,0,1
system,2024-04-15-16:24:07.585237,1713198247.5853066,14.1,54.8,16650469376,4124524544,7820947456,370490241024,95031746560,256563576832,48495162,58707513,8093,8041,0,0,0,0,1
system,2024-04-15-16:24:17.585047,1713198257.585124,13.7,56.5,16650469376,3827449856,8112635904,370490241024,95015747584,256579575808,64547924,66851810,8760,8597,0,0,0,0,1
system,2024-04-15-16:24:27.586829,1713198267.5868995,20.5,55.7,16650469376,3953139712,7978831872,370490241024,95015559168,256579764224,64707254,66991263,8960,8792,0,0,0,0,1
system,2024-04-15-16:24:37.647871,1713198277.6479328,27.6,56.3,16650469376,3814817792,8086138880,370490241024,95007424512,256587898880,64908385,75026272,9278,9213,0,0,0,0,1
system,2024-04-15-16:24:47.633088,1713198287.6331246,14.6,56.3,16650469376,3822612480,8089436160,370490241024,95007227904,256588095488,65068635,75166671,9469,9393,0,0,0,0,1
system,2024-04-15-16:24:57.585623,1713198297.585695,40.7,56.3,16650469376,3826020352,8071315456,370490241024,95006924800,256588398592,65294050,75372698,9745,9659,0,0,0,0,1
system,2024-04-15-16:25:07.588724,1713198307.588782,42.4,55.5,16650469376,3954819072,7954534400,370490241024,95006707712,256588615680,65487225,75547373,9959,9863,0,0,0,0,1
system,2024-04-15-16:25:17.799382,1713198317.7994375,13.7,55.5,16650469376,3948433408,7960379392,370490241024,95006494720,256588828672,65664203,75706115,10147,10043,0,0,0,0,1
system,2024-04-15-16:25:27.586748,1713198327.586817,54.2,55.6,16650469376,3944361984,7963541504,370490241024,95006093312,256589230080,65967478,75974590,10674,10561,0,0,0,0,1
system,2024-04-15-16:25:37.584195,1713198337.584259,11.8,55.7,16650469376,3906498560,7978319872,370490241024,94997725184,256597598208,74147338,76267963,11526,11211,0,0,0,0,1
system,2024-04-15-16:25:47.585186,1713198347.5852485,12.5,55.6,16650469376,3915288576,7977136128,370490241024,94997434368,256597889024,74367807,76460599,11733,11411,0,0,0,0,1
system,2024-04-15-16:25:57.586048,1713198357.586129,17.3,55.6,16650469376,3924766720,7967035392,370490241024,94997139456,256598183936,74594256,76659344,11938,11611,0,0,0,0,1
system,2024-04-15-16:26:07.589249,1713198367.5893126,7.7,55.6,16650469376,3925553152,7965347840,370490241024,94996795392,256598528000,74848525,76887665,12161,11833,0,0,0,0,1
system,2024-04-15-16:26:17.584275,1713198377.5843225,3.7,57.1,16650469376,3653271552,8220024832,370490241024,94980407296,256614916096,98713729,93099577,13304,12785,0,0,0,0,1
system,2024-04-15-16:26:27.588338,1713198387.588429,40.5,56.3,16650469376,3790692352,8082087936,370490241024,94980161536,256615161856,98964494,93318696,13515,12983,0,0,0,0,1
system,2024-04-15-16:26:37.584211,1713198397.5842679,12.7,57.3,16650469376,3602489344,8239349760,370490241024,94965485568,256629837824,99268123,93592317,13765,13222,0,0,0,0,1
system,2024-04-15-16:26:47.584838,1713198407.584896,12.8,57.3,16650469376,3609174016,8240603136,370490241024,94965096448,256630226944,99532350,93825656,13975,13430,0,0,0,0,1
system,2024-04-15-16:26:57.589962,1713198417.5900156,10.4,57.4,16650469376,3593719808,8255127552,370490241024,94964690944,256630632448,99828197,94091906,14204,13654,0,0,0,0,1
system,2024-04-15-16:27:07.584809,1713198427.584863,10.1,57.4,16650469376,3586437120,8261500928,370490241024,94964232192,256631091200,100160483,94395109,14466,13909,0,0,0,0,1
system,2024-04-15-16:27:17.584282,1713198437.5843349,11.5,57.4,16650469376,3581337600,8265789440,370490241024,94963838976,256631484416,100444559,94647833,14679,14113,0,0,0,0,1
system,2024-04-15-16:27:27.585822,1713198447.585906,55.1,57.6,16650469376,3544375296,8290004992,370490241024,94951649280,256643674112,100734415,94907267,14889,14319,0,0,0,0,1
system,2024-04-15-16:27:37.585437,1713198457.5855098,63.7,58.8,16650469376,3328638976,8482947072,370490241024,94950367232,256644956160,101113208,95256892,15161,14578,0,0,0,0,1
system,2024-04-15-16:27:47.585672,1713198467.585783,46.9,58.7,16650469376,3343196160,8479395840,370490241024,94949941248,256645382144,101416540,95529075,15373,14782,0,0,0,0,1
system,2024-04-15-16:27:57.585454,1713198477.5855298,58.4,58.7,16650469376,3337797632,8487051264,370490241024,94953271296,256642052096,101758978,95841672,15621,15018,0,0,0,0,1
system,2024-04-15-16:28:07.584774,1713198487.5848613,36.6,58.7,16650469376,3356135424,8473313280,370490241024,94957826048,256637497344,102105906,96158677,15856,15251,0,0,0,0,1
system,2024-04-15-16:28:17.584409,1713198497.5844722,63.0,58.7,16650469376,3353845760,8474746880,370490241024,94957232128,256638091264,102460189,96482648,16089,15476,0,0,0,0,1
system,2024-04-15-16:28:27.588267,1713198507.588352,45.6,58.7,16650469376,3352039424,8475840512,370490241024,94956826624,256638496768,102765630,96757169,16277,15659,0,0,0,0,1
system,2024-04-15-16:28:37.585391,1713198517.5854547,19.5,58.8,16650469376,3318292480,8477450240,370490241024,94943227904,256652095488,103189003,97150854,16555,15933,0,0,0,0,1
system,2024-04-15-16:28:47.584866,1713198527.584932,38.3,58.8,16650469376,3311595520,8494776320,370490241024,94942642176,256652681216,103587383,97521955,16843,16219,0,0,0,0,1
system,2024-04-15-16:28:57.585035,1713198537.5850873,15.0,58.9,16650469376,3297157120,8507973632,370490241024,94941929472,256653393920,104008900,97911199,17107,16486,0,0,0,0,1
system,2024-04-15-16:29:07.585913,1713198547.5860057,48.7,59.1,16650469376,3262722048,8507645952,370490241024,94941339648,256653983744,104400571,98272191,17344,16718,0,0,0,0,1
system,2024-04-15-16:29:17.584410,1713198557.5844939,22.5,59.0,16650469376,3274240000,8531181568,370490241024,94940680192,256654643200,104782256,98606226,17571,16944,0,0,0,0,1
system,2024-04-15-16:29:27.587661,1713198567.5877278,59.3,59.0,16650469376,3276075008,8517832704,370490241024,94940024832,256655298560,105169733,98946983,17796,17173,0,0,0,0,1
system,2024-04-15-16:29:37.585338,1713198577.5853987,12.5,59.0,16650469376,3266056192,8517537792,370490241024,94937829376,256657494016,107184597,100907851,18655,18007,0,0,0,0,2
system,2024-04-15-16:29:47.584749,1713198587.5848165,13.8,58.9,16650469376,3279323136,8525950976,370490241024,94937624576,256657698816,107318570,101002232,18839,18191,0,0,0,0,2
system,2024-04-15-16:29:57.585341,1713198597.5854003,14.8,59.0,16650469376,3272110080,8532463616,370490241024,94937432064,256657891328,107462593,101106396,19033,18380,0,0,0,0,2
system,2024-04-15-16:30:07.585853,1713198607.585914,13.9,59.0,16650469376,3266691072,8537026560,370490241024,94937235456,256658087936,107625525,101229720,19253,18591,0,0,0,0,2
system,2024-04-15-16:30:17.586039,1713198617.5860925,16.9,59.7,16650469376,3137912832,8649003008,370490241024,94921166848,256674156544,123683488,109358498,19965,19181,0,0,0,0,2
system,2024-04-15-16:30:27.585397,1713198627.5854745,23.7,59.7,16650469376,3134607360,8651759616,370490241024,94920921088,256674402304,123862529,109496918,20184,19391,0,0,0,0,2
system,2024-04-15-16:30:37.585097,1713198637.5851722,7.1,59.8,16650469376,3117649920,8655306752,370490241024,94920679424,256674643968,124062164,109656240,20421,19623,0,0,0,0,2
system,2024-04-15-16:30:47.586020,1713198647.5861094,14.6,59.7,16650469376,3136450560,8647647232,370490241024,94920413184,256674910208,124242524,109794816,20623,19820,0,0,0,0,2
system,2024-04-15-16:30:57.586401,1713198657.5864756,33.3,60.4,16650469376,3013365760,8770199552,370490241024,94920208384,256675115008,147994305,125856175,21667,20731,0,0,0,0,2
system,2024-04-15-16:31:07.587308,1713198667.5873852,14.3,60.2,16650469376,3025227776,8743858176,370490241024,94905729024,256689594368,148206219,126024113,21895,20950,0,0,0,0,2
system,2024-04-15-16:31:17.584094,1713198677.5841448,11.4,60.2,16650469376,3031040000,8737529856,370490241024,94905442304,256689881088,148428411,126201825,22133,21176,0,0,0,0,2
system,2024-04-15-16:31:27.586131,1713198687.5861928,44.3,60.2,16650469376,3024171008,8743710720,370490241024,94905155584,256690167808,148637563,126366439,22341,21380,0,0,0,0,2
system,2024-04-15-16:31:37.582681,1713198697.5827422,60.2,60.4,16650469376,2995396608,8763932672,370490241024,94904791040,256690532352,148896605,126583135,22590,21619,0,0,0,0,2
system,2024-04-15-16:31:47.582200,1713198707.5822737,44.9,60.4,16650469376,3003080704,8767356928,370490241024,94904537088,256690786304,149117374,126758009,22796,21815,0,0,0,0,2
system,2024-04-15-16:31:57.585644,1713198717.5857315,43.9,60.4,16650469376,2997743616,8772059136,370490241024,94904143872,256691179520,149358872,126953747,23021,22032,0,0,0,0,2
system,2024-04-15-16:32:07.586308,1713198727.5863771,46.8,60.3,16650469376,3004727296,8764157952,370490241024,94903808000,256691515392,149627441,127179476,23270,22265,0,0,0,0,2
system,2024-04-15-16:32:17.582890,1713198737.5829444,62.2,60.3,16650469376,3004952576,8763006976,370490241024,94903336960,256691986432,149895243,127408699,23512,22492,0,0,0,0,2
system,2024-04-15-16:32:27.585860,1713198747.5859246,48.7,60.4,16650469376,2999029760,8767995904,370490241024,94902878208,256692445184,150153026,127614171,23732,22700,0,0,0,0,2
system,2024-04-15-16:32:37.584300,1713198757.58436,14.8,60.4,16650469376,2978869248,8761819136,370490241024,94889861120,256705462272,150452727,127869845,23980,22938,0,0,0,0,2
system,2024-04-15-16:32:47.586376,1713198767.5864286,37.3,60.4,16650469376,2986246144,8765530112,370490241024,94889455616,256705867776,150727465,128100699,24222,23174,0,0,0,0,2
system,2024-04-15-16:32:57.584531,1713198777.5845842,6.3,60.3,16650469376,2987171840,8761393152,370490241024,94887415808,256707907584,152519462,129834627,25081,24012,0,0,0,0,3
system,2024-04-15-16:33:07.584397,1713198787.5844562,12.2,60.4,16650469376,3003944960,8770527232,370490241024,94913302528,256682020864,152686176,129944833,25290,24219,0,0,0,0,3
system,2024-04-15-16:33:17.584742,1713198797.584803,9.0,60.4,16650469376,3006668800,8767086592,370490241024,94913179648,256682143744,152850903,130051845,25487,24409,0,0,0,0,3
system,2024-04-15-16:33:27.585869,1713198807.585929,29.8,60.4,16650469376,3007758336,8765444096,370490241024,94913040384,256682283008,153022198,130165964,25691,24605,0,0,0,0,3
system,2024-04-15-16:33:37.585037,1713198817.5850878,12.8,60.5,16650469376,2960957440,8784080896,370490241024,94897016832,256698306560,169115574,138308506,26570,25292,0,0,0,0,3
system,2024-04-15-16:33:47.584660,1713198827.584712,14.8,60.4,16650469376,2978017280,8778125312,370490241024,94896852992,256698470400,169314544,138449248,26789,25504,0,0,0,0,3
system,2024-04-15-16:33:57.584624,1713198837.5846772,13.7,60.5,16650469376,2961272832,8777449472,370490241024,94896590848,256698732544,169537452,138584531,27002,25716,0,0,0,0,3
system,2024-04-15-16:34:07.584743,1713198847.5848145,16.0,60.5,16650469376,2965508096,8772710400,370490241024,94896476160,256698847232,169750684,138739538,27227,25934,0,0,0,0,3
system,2024-04-15-16:34:17.584791,1713198857.5848432,12.5,60.8,16650469376,2911653888,8808202240,370490241024,94896193536,256699129856,193535505,154787916,28274,26865,0,0,0,0,3
system,2024-04-15-16:34:27.586548,1713198867.5866413,48.8,61.1,16650469376,2866679808,8834023424,370490241024,94896078848,256699244544,193748755,154938302,28482,27062,0,0,0,0,3
system,2024-04-15-16:34:37.584604,1713198877.584674,13.9,61.2,16650469376,2826334208,8871817216,370490241024,94881652736,256713670656,194019918,155149648,28761,27328,0,0,0,0,3
system,2024-04-15-16:34:47.584574,1713198887.584627,15.0,61.2,16650469376,2833244160,8875941888,370490241024,94881456128,256713867264,194246079,155313141,28970,27529,0,0,0,0,3
system,2024-04-15-16:34:57.585068,1713198897.5851219,17.3,61.0,16650469376,2866892800,8862498816,370490241024,94881181696,256714141696,194496563,155501929,29198,27749,0,0,0,0,3
system,2024-04-15-16:35:07.584605,1713198907.5846682,10.3,61.0,16650469376,2857938944,8870760448,370490241024,94880903168,256714420224,194754591,155698327,29427,27971,0,0,0,0,3
system,2024-04-15-16:35:17.584665,1713198917.5847251,25.0,61.0,16650469376,2856857600,8871387136,370490241024,94880641024,256714682368,195000038,155881379,29632,28172,0,0,0,0,3
system,2024-04-15-16:35:27.585158,1713198927.5852363,47.0,61.1,16650469376,2838949888,8888713216,370490241024,94880329728,256714993664,195275185,156096974,29873,28409,0,0,0,0,3
system,2024-04-15-16:35:37.587062,1713198937.587157,65.4,61.5,16650469376,2781474816,8934199296,370490241024,94879936512,256715386880,195630285,156358849,30158,28681,0,0,0,0,3
system,2024-04-15-16:35:47.585167,1713198947.585248,66.3,61.8,16650469376,2731511808,8934084608,370490241024,94879682560,256715640832,195886632,156553180,30361,28874,0,0,0,0,3
system,2024-04-15-16:35:57.587641,1713198957.5877182,100.0,62.6,16650469376,2589446144,9024528384,370490241024,94878928896,256716394496,196151813,156756907,30562,29066,0,0,0,0,3
system,2024-04-15-16:36:07.590127,1713198967.5901952,59.3,62.0,16650469376,2694639616,8983252992,370490241024,94878375936,256716947456,196459291,157001317,30807,29301,0,0,0,0,3
system,2024-04-15-16:36:17.584320,1713198977.5843785,35.0,61.6,16650469376,2764443648,8916938752,370490241024,94877999104,256717324288,196805263,157286308,31086,29568,0,0,0,0,3
system,2024-04-15-16:36:27.583430,1713198987.5834866,38.3,61.4,16650469376,2789744640,8891002880,370490241024,94877683712,256717639680,197082914,157501893,31286,29761,0,0,0,0,3
system,2024-04-15-16:36:37.586588,1713198997.5866702,74.4,61.9,16650469376,2691448832,8952774656,370490241024,94870831104,256724492288,197444680,157802209,31555,30023,0,0,0,0,3
system,2024-04-15-16:36:47.588589,1713199007.5886676,51.2,61.8,16650469376,2699759616,8950583296,370490241024,94864134144,256731189248,197781725,158045257,31793,30260,0,0,0,0,3
system,2024-04-15-16:36:57.585257,1713199017.5853112,27.2,61.7,16650469376,2721771520,8953552896,370490241024,94863556608,256731766784,198175474,158374748,32087,30544,0,0,0,0,3
system,2024-04-15-16:37:07.584913,1713199027.5849724,14.8,61.7,16650469376,2721255424,8959889408,370490241024,94861643776,256733679616,199971815,160098077,32901,31348,0,0,0,0,4
system,2024-04-15-16:37:17.584673,1713199037.5847347,12.3,61.7,16650469376,2726854656,8953712640,370490241024,94861504512,256733818880,200144564,160196628,33093,31539,0,0,0,0,4
system,2024-04-15-16:37:27.585813,1713199047.5858784,24.7,61.7,16650469376,2722467840,8957624320,370490241024,94861365248,256733958144,200325591,160304593,33292,31736,0,0,0,0,4
system,2024-04-15-16:37:37.584351,1713199057.5844054,10.3,61.8,16650469376,2679820288,8970223616,370490241024,94845337600,256749985792,216442865,168456154,34155,32426,0,0,0,0,4
system,2024-04-15-16:37:47.585402,1713199067.585478,13.4,61.6,16650469376,2718535680,8943009792,370490241024,94845190144,256750133248,216640359,168577068,34357,32619,0,0,0,0,4
system,2024-04-15-16:37:57.584769,1713199077.5848222,13.8,61.6,16650469376,2715213824,8945790976,370490241024,94845026304,256750297088,216857984,168719131,34583,32837,0,0,0,0,4
system,2024-04-15-16:38:07.585418,1713199087.585479,12.7,61.6,16650469376,2735591424,8946470912,370490241024,94866124800,256729198592,217082907,168868634,34806,33054,0,0,0,0,4
system,2024-04-15-16:38:17.584388,1713199097.584442,11.1,62.4,16650469376,2611093504,9070297088,370490241024,94865895424,256729427968,240874016,184928916,35993,34022,0,0,0,0,4
system,2024-04-15-16:38:27.585500,1713199107.5855558,41.8,62.5,16650469376,2580221952,9100685312,370490241024,94865772544,256729550848,241100569,185075138,36205,34220,0,0,0,0,4
system,2024-04-15-16:38:37.589197,1713199117.5892463,4.9,62.5,16650469376,2565931008,9087963136,370490241024,94851362816,256743960576,241364548,185260456,36453,34457,0,0,0,0,4
system,2024-04-15-16:38:47.585199,1713199127.5852833,15.9,62.5,16650469376,2573611008,9091469312,370490241024,94851112960,256744210432,241624809,185442089,36697,34687,0,0,0,0,4
system,2024-04-15-16:38:57.585473,1713199137.5855484,16.0,62.5,16650469376,2572320768,9091985408,370490241024,94850850816,256744472576,241888569,185626479,36930,34906,0,0,0,0,4
system,2024-04-15-16:39:07.585046,1713199147.5851266,34.2,62.9,16650469376,2511106048,9113411584,370490241024,94850564096,256744759296,242200926,185819651,37170,35140,0,0,0,0,4
system,2024-04-15-16:39:17.586082,1713199157.586165,19.5,62.6,16650469376,2555023360,9110007808,370490241024,94850338816,256744984576,242459283,185998078,37383,35345,0,0,0,0,4
system,2024-04-15-16:39:27.588499,1713199167.5885925,74.4,62.7,16650469376,2544164864,9123766272,370490241024,94850076672,256745246720,242723646,186183040,37596,35549,0,0,0,0,4
system,2024-04-15-16:39:37.586812,1713199177.5869548,53.7,62.5,16650469376,2560901120,9110638592,370490241024,94849769472,256745553920,243057952,186440383,37867,35803,0,0,0,0,4
system,2024-04-15-16:39:47.583264,1713199187.5833404,61.7,62.6,16650469376,2551668736,9111666688,370490241024,94849474560,256745848832,243330778,186636072,38080,36007,0,0,0,0,4
system,2024-04-15-16:39:57.587172,1713199197.5872788,60.3,62.6,16650469376,2546024448,9113673728,370490241024,94849155072,256746168320,243621086,186843574,38299,36217,0,0,0,0,4
system,2024-04-15-16:40:07.587293,1713199207.587389,67.1,62.6,16650469376,2548568064,9112461312,370490241024,94848724992,256746598400,243933989,187077467,38534,36443,0,0,0,0,4
system,2024-04-15-16:40:17.588169,1713199217.5882723,53.6,62.7,16650469376,2528161792,9115471872,370490241024,94848335872,256746987520,244254429,187318760,38770,36668,0,0,0,0,4
system,2024-04-15-16:40:27.586309,1713199227.5864031,39.5,62.8,16650469376,2514800640,9126682624,370490241024,94847942656,256747380736,244606593,187593013,39051,36936,0,0,0,0,4
system,2024-04-15-16:40:37.584512,1713199237.5845788,43.4,62.7,16650469376,2530758656,9111867392,370490241024,94847442944,256747880448,244965707,187873567,39305,37180,0,0,0,0,4
system,2024-04-15-16:40:47.584190,1713199247.5842588,46.2,62.8,16650469376,2503733248,9116852224,370490241024,94834376704,256760946688,245344310,188137704,39561,37433,0,0,0,0,4
system,2024-04-15-16:40:57.585796,1713199257.5858653,12.5,62.9,16650469376,2488352768,9135374336,370490241024,94833840128,256761483264,245704999,188411157,39802,37669,0,0,0,0,4
system,2024-04-15-16:41:07.587942,1713199267.5880065,17.1,62.8,16650469376,2505703424,9124765696,370490241024,94833487872,256761835520,246109508,188693424,40048,37908,0,0,0,0,4
system,2024-04-15-16:41:17.585367,1713199277.5854468,25.3,62.8,16650469376,2501255168,9126948864,370490241024,94832930816,256762392576,246527181,188989389,40309,38162,0,0,0,0,4
system,2024-04-15-16:41:27.587426,1713199287.5874898,45.1,62.7,16650469376,2509344768,9110736896,370490241024,94832517120,256762806272,246871704,189255713,40536,38387,0,0,0,0,4
system,2024-04-15-16:41:37.585493,1713199297.5855598,28.6,63.1,16650469376,2451066880,9151234048,370490241024,94831886336,256763437056,247336603,189640578,40841,38675,0,0,0,0,4
system,2024-04-15-16:41:47.584152,1713199307.5842338,19.0,62.8,16650469376,2501394432,9126404096,370490241024,94831390720,256763932672,247742968,189922207,41068,38898,0,0,0,0,4
system,2024-04-15-16:41:57.586572,1713199317.5866342,15.6,62.7,16650469376,2510168064,9116729344,370490241024,94830948352,256764375040,248108798,190207757,41284,39109,0,0,0,0,4
system,2024-04-15-16:42:07.585132,1713199327.5851939,14.8,62.6,16650469376,2515046400,9108615168,370490241024,94828941312,256766382080,249948147,191957083,42093,39912,0,0,0,0,5
system,2024-04-15-16:42:17.584237,1713199337.5842986,11.5,63.4,16650469376,2376290304,9230393344,370490241024,94812868608,256782454784,266040467,200067424,42861,40547,0,0,0,0,5
system,2024-04-15-16:42:27.588732,1713199347.5887985,23.1,63.5,16650469376,2357006336,9242935296,370490241024,94812676096,256782647296,266240731,200175260,43065,40742,0,0,0,0,5
system,2024-04-15-16:42:37.585447,1713199357.5855076,10.5,63.3,16650469376,2381291520,9229135872,370490241024,94812499968,256782823424,266470786,200312275,43302,40968,0,0,0,0,5
system,2024-04-15-16:42:47.585846,1713199367.5859008,14.8,63.4,16650469376,2375516160,9234350080,370490241024,94812303360,256783020032,266685418,200433052,43507,41164,0,0,0,0,5
system,2024-04-15-16:42:57.586894,1713199377.5870185,33.3,63.7,16650469376,2314428416,9298849792,370490241024,94812090368,256783233024,290516005,216519410,44710,42203,0,0,0,0,5
system,2024-04-15-16:43:07.584655,1713199387.5847101,12.7,63.8,16650469376,2325458944,9310203904,370490241024,94835200000,256760123392,290762062,216669237,44935,42420,0,0,0,0,5
system,2024-04-15-16:43:17.584899,1713199397.5849555,22.2,63.7,16650469376,2332413952,9302777856,370490241024,94834974720,256760348672,291000022,216810069,45141,42619,0,0,0,0,5
system,2024-04-15-16:43:27.585792,1713199407.5858688,47.6,63.9,16650469376,2313240576,9308770304,370490241024,94834753536,256760569856,291244401,216957585,45354,42820,0,0,0,0,5
system,2024-04-15-16:43:37.586234,1713199417.5862994,48.1,64.0,16650469376,2282008576,9352134656,370490241024,94834475008,256760848384,291526986,217146226,45596,43050,0,0,0,0,5
system,2024-04-15-16:43:47.584260,1713199427.5843189,37.5,64.1,16650469376,2278154240,9355485184,370490241024,94834229248,256761094144,291820346,217342213,45866,43300,0,0,0,0,5
system,2024-04-15-16:43:57.585247,1713199437.5853133,45.6,64.1,16650469376,2277896192,9359527936,370490241024,94833901568,256761421824,292084011,217508483,46077,43500,0,0,0,0,5
system,2024-04-15-16:44:07.588789,1713199447.5888555,49.4,64.1,16650469376,2276864000,9359798272,370490241024,94833627136,256761696256,292345748,217674330,46272,43679,0,0,0,0,5
system,2024-04-15-16:44:17.586346,1713199457.586427,72.2,64.2,16650469376,2257350656,9357279232,370490241024,94833131520,256762191872,292721110,217901631,46558,43959,0,0,0,0,5
system,2024-04-15-16:44:27.587495,1713199467.5875854,61.3,64.2,16650469376,2259419136,9359781888,370490241024,94832889856,256762433536,292984204,218066651,46741,44130,0,0,0,0,5
system,2024-04-15-16:44:37.584407,1713199477.5844638,10.1,64.0,16650469376,2267119616,9352318976,370490241024,94819852288,256775471104,293354488,218343298,47056,44433,0,0,0,0,5
system,2024-04-15-16:44:47.588701,1713199487.5887625,40.0,64.7,16650469376,2154676224,9409540096,370490241024,94819360768,256775962624,293663942,218558205,47302,44674,0,0,0,0,5
system,2024-04-15-16:44:57.584737,1713199497.5847917,14.1,64.4,16650469376,2195533824,9402945536,370490241024,94818824192,256776499200,294020955,218815840,47576,44941,0,0,0,0,5
system,2024-04-15-16:45:07.587089,1713199507.5871809,68.7,65.5,16650469376,2008784896,9484144640,370490241024,94817968128,256777355264,294353528,219051830,47809,45169,0,0,0,0,5
system,2024-04-15-16:45:17.585855,1713199517.5859501,47.6,65.0,16650469376,2090156032,9450926080,370490241024,94817542144,256777781248,294644748,219246621,47992,45347,0,0,0,0,5
system,2024-04-15-16:45:27.590032,1713199527.5900981,24.1,64.4,16650469376,2191384576,9357791232,370490241024,94815322112,256780001280,296454804,220949172,48831,46198,0,0,0,0,6
system,2024-04-15-16:45:37.584869,1713199537.5849454,11.1,64.3,16650469376,2208780288,9367863296,370490241024,94815031296,256780292096,296734875,221117947,49154,46511,0,0,0,0,6
system,2024-04-15-16:45:47.584443,1713199547.584496,15.5,64.3,16650469376,2207297536,9376460800,370490241024,94814883840,256780439552,296957678,221226734,49358,46706,0,0,0,0,6
system,2024-04-15-16:45:57.584966,1713199557.5850356,12.5,64.3,16650469376,2210123776,9373143040,370490241024,94814629888,256780693504,297186870,221341929,49566,46905,0,0,0,0,6
system,2024-04-15-16:46:07.585078,1713199567.5851457,16.3,64.3,16650469376,2208026624,9375465472,370490241024,94814367744,256780955648,297434927,221476753,49788,47115,0,0,0,0,6
system,2024-04-15-16:46:17.585207,1713199577.5852854,13.4,64.2,16650469376,2213019648,9372647424,370490241024,94814109696,256781213696,297704477,221634289,50030,47349,0,0,0,0,6
system,2024-04-15-16:46:27.587832,1713199587.5878813,13.9,64.2,16650469376,2214379520,9363402752,370490241024,94813790208,256781533184,297953849,221770178,50238,47548,0,0,0,0,6
system,2024-04-15-16:46:37.587097,1713199597.5872054,67.9,64.7,16650469376,2129006592,9423724544,370490241024,94813523968,256781799424,298238704,221941721,50486,47783,0,0,0,0,6
system,2024-04-15-16:46:47.585284,1713199607.5853467,15.2,64.3,16650469376,2192056320,9408659456,370490241024,94813110272,256782213120,298561708,222093353,50712,48004,0,0,0,0,6
system,2024-04-15-16:46:57.587323,1713199617.5874157,75.3,64.5,16650469376,2161164288,9410375680,370490241024,94812827648,256782495744,298847774,222266252,50945,48226,0,0,0,0,6
system,2024-04-15-16:47:07.585944,1713199627.5860286,27.8,64.4,16650469376,2174795776,9402957824,370490241024,94812553216,256782770176,299158737,222465137,51194,48466,0,0,0,0,6
system,2024-04-15-16:47:17.585400,1713199637.585457,13.3,64.4,16650469376,2186518528,9403211776,370490241024,94812164096,256783159296,299441981,222634447,51406,48670,0,0,0,0,6
system,2024-04-15-16:47:27.587080,1713199647.5871606,49.4,64.5,16650469376,2168573952,9412329472,370490241024,94811783168,256783540224,299791636,222813018,51626,48891,0,0,0,0,6
system,2024-04-15-16:47:37.585967,1713199657.5860317,50.0,64.7,16650469376,2120736768,9432662016,370490241024,94811287552,256784035840,300144279,223054302,51888,49147,0,0,0,0,6
system,2024-04-15-16:47:47.585085,1713199667.5851376,16.3,64.8,16650469376,2109001728,9467334656,370490241024,94811000832,256784322560,300447376,223243424,52101,49351,0,0,0,0,6
system,2024-04-15-16:47:57.585536,1713199677.5856128,24.1,65.0,16650469376,2077876224,9461624832,370490241024,94810587136,256784736256,300777406,223460708,52333,49578,0,0,0,0,6
system,2024-04-15-16:48:07.587752,1713199687.5878844,72.8,65.1,16650469376,2075926528,9439277056,370490241024,94819160064,256776163328,301113477,223684396,52558,49798,0,0,0,0,6
system,2024-04-15-16:48:17.584479,1713199697.5845318,13.6,64.8,16650469376,2114408448,9434804224,370490241024,94818152448,256777170944,301459411,223917027,52798,50030,0,0,0,0,6
system,2024-04-15-16:48:27.589353,1713199707.5894272,17.9,64.5,16650469376,2170167296,9409212416,370490241024,94817656832,256777666560,301788322,224132610,53014,50239,0,0,0,0,6
system,2024-04-15-16:48:37.589924,1713199717.5900064,20.0,64.2,16650469376,2213781504,9377206272,370490241024,94817202176,256778121216,302169654,224401181,53269,50481,0,0,0,0,6
system,2024-04-15-17:06:01.844819,1713200761.844918,37.0,55.9,16650469376,3586068480,7709147136,370490241024,94814396416,256780922880,93546,95432,110,129,0,0,0,0,6
system,2024-04-15-17:06:11.842405,1713200771.842467,41.8,55.9,16650469376,3591577600,7702081536,370490241024,94814064640,256781258752,334746,331276,325,344,0,0,0,0,6
system,2024-04-15-17:06:21.844596,1713200781.8446803,49.4,55.9,16650469376,3590758400,7715590144,370490241024,94813646848,256781676544,585098,575774,541,561,0,0,0,0,6
system,2024-04-15-17:06:31.839697,1713200791.8397577,39.0,56.0,16650469376,3574460416,7734431744,370490241024,94813106176,256782217216,867466,849915,771,785,0,0,0,0,6
system,2024-04-15-17:06:41.839330,1713200801.8393898,23.1,55.7,16650469376,3611389952,7709278208,370490241024,94812585984,256782737408,1158111,1133264,1003,1014,0,0,0,0,6
system,2024-04-15-17:06:51.839574,1713200811.8396337,32.9,55.6,16650469376,3627761664,7687053312,370490241024,94812045312,256783278080,1456413,1423801,1236,1246,0,0,0,0,6
system,2024-04-15-17:07:01.842372,1713200821.8424644,46.2,56.8,16650469376,3425865728,7871315968,370490241024,94811500544,256783822848,1785999,1747112,1479,1482,0,0,0,0,6
system,2024-04-15-17:07:11.845287,1713200831.8453808,52.6,56.7,16650469376,3442651136,7853690880,370490241024,94811045888,256784277504,2068308,2019929,1687,1685,0,0,0,0,6
system,2024-04-15-17:07:21.839193,1713200841.8392525,24.4,56.8,16650469376,3434364928,7868170240,370490241024,94810279936,256785043456,2388161,2330862,1918,1916,0,0,0,0,6
system,2024-04-15-17:07:31.838495,1713200851.8385508,25.3,56.6,16650469376,3452485632,7875088384,370490241024,94809710592,256785612800,2713767,2648193,2148,2139,0,0,0,0,6
system,2024-04-15-17:07:41.844416,1713200861.8445156,44.7,56.8,16650469376,3429888000,7873773568,370490241024,94809178112,256786145280,3048460,2974663,2379,2371,0,0,0,0,6
system,2024-04-15-17:07:51.843994,1713200871.8440907,58.4,57.0,16650469376,3398422528,7854563328,370490241024,94808621056,256786702336,3358337,3275586,2593,2588,0,0,0,0,6
system,2024-04-15-17:08:01.839876,1713200881.8399496,44.9,57.4,16650469376,3316695040,7940583424,370490241024,94807818240,256787505152,3769928,3680973,2857,2854,0,0,0,0,6
system,2024-04-15-17:08:11.838230,1713200891.8382993,23.1,60.3,16650469376,2970030080,8425103360,370490241024,94814285824,256781037568,4091457,3993654,3067,3063,0,0,0,0,6
system,2024-04-15-17:08:21.840037,1713200901.8401053,34.6,60.6,16650469376,2929123328,8466403328,370490241024,94813691904,256781631488,4419186,4312413,3278,3271,0,0,0,0,6
system,2024-04-15-17:08:31.838790,1713200911.8388612,36.7,62.2,16650469376,2657955840,8730292224,370490241024,94812930048,256782393344,4823648,4709896,3531,3522,0,0,0,0,6
system,2024-04-15-17:08:41.838836,1713200921.838904,23.1,62.3,16650469376,2639376384,8757383168,370490241024,94812200960,256783122432,5201067,5079442,3765,3755,0,0,0,0,6
system,2024-04-15-17:08:51.843442,1713200931.84352,52.6,62.4,16650469376,2615693312,8781373440,370490241024,94811533312,256783790080,5547364,5418339,3974,3968,0,0,0,0,6
system,2024-04-15-17:09:01.839106,1713200941.839169,52.5,62.8,16650469376,2549428224,8810725376,370490241024,94810734592,256784584704,5976312,5838895,4225,4219,0,0,0,0,6
system,2024-04-15-17:09:11.840042,1713200951.8401036,32.1,62.8,16650469376,2545979392,8830025728,370490241024,94810034176,256785289216,6337730,6191411,4437,4429,0,0,0,0,6
system,2024-04-15-17:09:21.839120,1713200961.839173,27.3,62.8,16650469376,2554265600,8820072448,370490241024,94809174016,256786149376,6782354,6629324,4688,4682,0,0,0,0,6
system,2024-04-15-17:09:31.838628,1713200971.8386939,22.8,62.7,16650469376,2562576384,8817414144,370490241024,94808367104,256786956288,7194946,7034312,4917,4914,0,0,0,0,6
system,2024-04-15-17:09:41.838140,1713200981.8382034,37.8,62.9,16650469376,2535428096,8847032320,370490241024,94807654400,256787668992,7574162,7404822,5130,5128,0,0,0,0,6
