name,action-time-start,action-time-end,action-total-seconds,cycle
store-worker-e773520a-073e-4b2e-8f27-15275cfd8d4e,1713200994.1874301,1713200994.337306,0.14988,1
start-pipeline,1713200994.1795378,1713200996.6713939,2.49186,1
store-worker-66e8acb0-574e-4392-a8ab-cdcb9fca760a,1713201001.7735274,1713201001.8831158,0.10959,1
store-worker-e773520a-073e-4b2e-8f27-15275cfd8d4e,1713201001.8751893,1713201002.0613117,0.18612,1
store-worker-66e8acb0-574e-4392-a8ab-cdcb9fca760a,1713201011.7771327,1713201011.8695564,0.09242,1
store-worker-e773520a-073e-4b2e-8f27-15275cfd8d4e,1713201011.8804317,1713201012.05288,0.17245,1
store-worker-66e8acb0-574e-4392-a8ab-cdcb9fca760a,1713201021.7739532,1713201021.856562,0.08261,1
store-worker-e773520a-073e-4b2e-8f27-15275cfd8d4e,1713201021.881573,1713201022.0607746,0.1792,1
store-worker-e773520a-073e-4b2e-8f27-15275cfd8d4e,1713201032.4397051,1713201033.919926,1.48022,1
central-worker-data-split,1713201021.838304,1713201036.2328427,14.39454,1
store-worker-66e8acb0-574e-4392-a8ab-cdcb9fca760a,1713201032.4378924,1713201036.3170578,3.87917,1
preprocess-into-train-test-and-evalute-tensors,1713201036.6400046,1713201041.7523713,5.11237,1
store-worker-66e8acb0-574e-4392-a8ab-cdcb9fca760a,1713201041.769891,1713201041.8471982,0.07731,1
store-worker-e773520a-073e-4b2e-8f27-15275cfd8d4e,1713201041.8715687,1713201042.3736126,0.50204,1
store-worker-66e8acb0-574e-4392-a8ab-cdcb9fca760a,1713201051.781863,1713201051.8374517,0.05559,1
store-worker-e773520a-073e-4b2e-8f27-15275cfd8d4e,1713201051.8783448,1713201052.1578805,0.27954,1
store-worker-e773520a-073e-4b2e-8f27-15275cfd8d4e,1713201062.182324,1713201062.304978,0.12265,1
store-worker-66e8acb0-574e-4392-a8ab-cdcb9fca760a,1713201062.1428769,1713201062.3495593,0.20668,1
store-worker-66e8acb0-574e-4392-a8ab-cdcb9fca760a,1713201072.1116319,1713201072.247998,0.13637,1
store-worker-e773520a-073e-4b2e-8f27-15275cfd8d4e,1713201072.1153088,1713201072.4670682,0.35176,1
store-worker-66e8acb0-574e-4392-a8ab-cdcb9fca760a,1713201082.3132257,1713201082.7686622,0.45544,1
split-data-between-workers,1713201072.1122773,1713201082.632593,10.52032,1
store-worker-e773520a-073e-4b2e-8f27-15275cfd8d4e,1713201082.3151667,1713201084.3745008,2.05933,1
store-worker-66e8acb0-574e-4392-a8ab-cdcb9fca760a,1713201091.773538,1713201091.8780735,0.10454,1
store-worker-e773520a-073e-4b2e-8f27-15275cfd8d4e,1713201091.8724496,1713201092.081818,0.20937,1
store-worker-66e8acb0-574e-4392-a8ab-cdcb9fca760a,1713201101.7811136,1713201101.9698946,0.18878,1
store-worker-e773520a-073e-4b2e-8f27-15275cfd8d4e,1713201101.922578,1713201102.5184448,0.59587,1
store-worker-e773520a-073e-4b2e-8f27-15275cfd8d4e,1713201111.9035485,1713201112.4585886,0.55504,1
store-worker-66e8acb0-574e-4392-a8ab-cdcb9fca760a,1713201111.78534,1713201111.9760497,0.19071,1
store-worker-e773520a-073e-4b2e-8f27-15275cfd8d4e,1713201122.2674046,1713201122.4885612,0.22116,1
store-worker-66e8acb0-574e-4392-a8ab-cdcb9fca760a,1713201121.7822452,1713201122.3394961,0.55725,1
store-worker-66e8acb0-574e-4392-a8ab-cdcb9fca760a,1713201131.786245,1713201132.185495,0.39925,1
store-worker-e773520a-073e-4b2e-8f27-15275cfd8d4e,1713201132.092149,1713201132.4410436,0.34889,1
store-worker-66e8acb0-574e-4392-a8ab-cdcb9fca760a,1713201142.089183,1713201142.2830477,0.19386,1
store-worker-e773520a-073e-4b2e-8f27-15275cfd8d4e,1713201142.1046739,1713201142.4849973,0.38032,1
store-worker-66e8acb0-574e-4392-a8ab-cdcb9fca760a,1713201151.7835524,1713201151.9035683,0.12002,1
store-worker-e773520a-073e-4b2e-8f27-15275cfd8d4e,1713201151.8761702,1713201152.0205736,0.1444,1
store-worker-66e8acb0-574e-4392-a8ab-cdcb9fca760a,1713201161.7690604,1713201161.836918,0.06786,1
store-worker-e773520a-073e-4b2e-8f27-15275cfd8d4e,1713201161.8828967,1713201162.0795026,0.19661,1
initial-model-training,1713201051.8412108,1713201169.2262661,117.38506,1
store-worker-66e8acb0-574e-4392-a8ab-cdcb9fca760a,1713201171.778951,1713201171.8715138,0.09256,1
store-worker-e773520a-073e-4b2e-8f27-15275cfd8d4e,1713201171.8810773,1713201172.406122,0.52504,1
store-worker-66e8acb0-574e-4392-a8ab-cdcb9fca760a,1713201181.7705405,1713201182.0046191,0.23408,1
store-worker-e773520a-073e-4b2e-8f27-15275cfd8d4e,1713201181.8726935,1713201182.21721,0.34452,1
store-worker-66e8acb0-574e-4392-a8ab-cdcb9fca760a,1713201191.7787235,1713201191.894502,0.11578,1
store-worker-e773520a-073e-4b2e-8f27-15275cfd8d4e,1713201191.8755643,1713201192.1157744,0.24021,1
store-worker-66e8acb0-574e-4392-a8ab-cdcb9fca760a,1713201203.1307986,1713201205.4202998,2.2895,1
store-worker-e773520a-073e-4b2e-8f27-15275cfd8d4e,1713201205.2971516,1713201205.4822123,0.18506,1
send-context-to-workers,1713201192.0506709,1713201210.4825337,18.43186,1
store-worker-66e8acb0-574e-4392-a8ab-cdcb9fca760a,1713201211.7732646,1713201211.8842475,0.11098,1
store-worker-e773520a-073e-4b2e-8f27-15275cfd8d4e,1713201211.8710563,1713201212.0039537,0.1329,1
store-worker-66e8acb0-574e-4392-a8ab-cdcb9fca760a,1713201221.7737844,1713201221.885081,0.1113,1
store-worker-e773520a-073e-4b2e-8f27-15275cfd8d4e,1713201221.8695676,1713201222.020323,0.15076,1
store-worker-e773520a-073e-4b2e-8f27-15275cfd8d4e,1713201231.8763802,1713201232.1544065,0.27803,1
store-worker-66e8acb0-574e-4392-a8ab-cdcb9fca760a,1713201231.7786908,1713201231.9001968,0.12151,1
store-worker-e773520a-073e-4b2e-8f27-15275cfd8d4e,1713201241.8861163,1713201242.0680957,0.18198,1
store-worker-66e8acb0-574e-4392-a8ab-cdcb9fca760a,1713201242.0511785,1713201242.4268215,0.37564,1
store-worker-66e8acb0-574e-4392-a8ab-cdcb9fca760a,1713201251.8235884,1713201251.9286103,0.10502,1
store-worker-e773520a-073e-4b2e-8f27-15275cfd8d4e,1713201251.868033,1713201252.0935729,0.22554,1
store-worker-66e8acb0-574e-4392-a8ab-cdcb9fca760a,1713201261.8312736,1713201261.9419534,0.11068,1
store-worker-e773520a-073e-4b2e-8f27-15275cfd8d4e,1713201261.8744469,1713201262.1304421,0.256,1
store-worker-66e8acb0-574e-4392-a8ab-cdcb9fca760a,1713201271.8221538,1713201271.9755864,0.15343,1
store-worker-e773520a-073e-4b2e-8f27-15275cfd8d4e,1713201281.8756394,1713201282.0089984,0.13336,1
store-worker-66e8acb0-574e-4392-a8ab-cdcb9fca760a,1713201281.8232648,1713201281.9320974,0.10883,1
store-worker-e773520a-073e-4b2e-8f27-15275cfd8d4e,1713201291.8757226,1713201292.1862006,0.31048,1
store-worker-66e8acb0-574e-4392-a8ab-cdcb9fca760a,1713201292.138589,1713201292.6249309,0.48634,1
store-worker-66e8acb0-574e-4392-a8ab-cdcb9fca760a,1713201301.8448246,1713201302.0487497,0.20393,1
store-worker-e773520a-073e-4b2e-8f27-15275cfd8d4e,1713201302.2403302,1713201302.470898,0.23057,1
store-worker-66e8acb0-574e-4392-a8ab-cdcb9fca760a,1713201311.8328345,1713201312.0393684,0.20653,1
store-worker-e773520a-073e-4b2e-8f27-15275cfd8d4e,1713201312.2586088,1713201312.4513218,0.19271,1
store-worker-66e8acb0-574e-4392-a8ab-cdcb9fca760a,1713201321.771212,1713201321.8900082,0.1188,1
store-worker-e773520a-073e-4b2e-8f27-15275cfd8d4e,1713201322.2813814,1713201322.3818424,0.10046,1
store-worker-66e8acb0-574e-4392-a8ab-cdcb9fca760a,1713201331.778454,1713201331.8996735,0.12122,1
store-worker-e773520a-073e-4b2e-8f27-15275cfd8d4e,1713201332.3131275,1713201332.6388903,0.32576,1
store-worker-66e8acb0-574e-4392-a8ab-cdcb9fca760a,1713201341.7804265,1713201341.9084382,0.12801,1
store-worker-e773520a-073e-4b2e-8f27-15275cfd8d4e,1713201341.958535,1713201342.1324055,0.17387,1
store-worker-66e8acb0-574e-4392-a8ab-cdcb9fca760a,1713201351.770111,1713201351.8438787,0.07377,1
update-from-worker-<built-in function id>,1713201351.8543591,1713201352.4233432,0.56898,1
store-worker-e773520a-073e-4b2e-8f27-15275cfd8d4e,1713201352.2810407,1713201352.4814239,0.20038,1
store-worker-66e8acb0-574e-4392-a8ab-cdcb9fca760a,1713201361.7819085,1713201361.9063404,0.12443,1
store-worker-e773520a-073e-4b2e-8f27-15275cfd8d4e,1713201361.9213684,1713201362.0892198,0.16785,1
store-worker-66e8acb0-574e-4392-a8ab-cdcb9fca760a,1713201371.771753,1713201371.8345914,0.06284,1
store-worker-e773520a-073e-4b2e-8f27-15275cfd8d4e,1713201371.9463084,1713201372.2182534,0.27194,1
store-worker-66e8acb0-574e-4392-a8ab-cdcb9fca760a,1713201381.7809854,1713201381.8994462,0.11846,1
store-worker-e773520a-073e-4b2e-8f27-15275cfd8d4e,1713201382.1029022,1713201382.367591,0.26469,1
store-worker-66e8acb0-574e-4392-a8ab-cdcb9fca760a,1713201391.7688994,1713201391.8833857,0.11449,1
store-worker-e773520a-073e-4b2e-8f27-15275cfd8d4e,1713201391.8708012,1713201391.972975,0.10217,1
store-worker-66e8acb0-574e-4392-a8ab-cdcb9fca760a,1713201401.7677422,1713201401.8716187,0.10388,1
store-worker-e773520a-073e-4b2e-8f27-15275cfd8d4e,1713201401.8803384,1713201402.063179,0.18284,1
store-worker-66e8acb0-574e-4392-a8ab-cdcb9fca760a,1713201411.7775068,1713201411.8973584,0.11985,1
store-worker-e773520a-073e-4b2e-8f27-15275cfd8d4e,1713201411.872124,1713201412.026584,0.15446,1
store-worker-66e8acb0-574e-4392-a8ab-cdcb9fca760a,1713201421.7709315,1713201421.818355,0.04742,1
store-worker-e773520a-073e-4b2e-8f27-15275cfd8d4e,1713201421.8831534,1713201422.005331,0.12218,1
store-worker-66e8acb0-574e-4392-a8ab-cdcb9fca760a,1713201431.7739568,1713201431.9042096,0.13025,1
store-worker-e773520a-073e-4b2e-8f27-15275cfd8d4e,1713201431.8820634,1713201432.0051672,0.1231,1
update-from-worker-<built-in function id>,1713201431.9182825,1713201432.633449,0.71517,1
store-worker-66e8acb0-574e-4392-a8ab-cdcb9fca760a,1713201441.7758238,1713201441.8288,0.05298,1
store-worker-e773520a-073e-4b2e-8f27-15275cfd8d4e,1713201441.8803208,1713201442.0720835,0.19176,1
store-worker-66e8acb0-574e-4392-a8ab-cdcb9fca760a,1713201451.7727983,1713201451.8841157,0.11132,1
store-worker-e773520a-073e-4b2e-8f27-15275cfd8d4e,1713201451.8742075,1713201452.0494397,0.17523,1
update-global-model,1713201451.8393483,1713201452.3965604,0.55721,1
evaluate-global-model,1713201452.5220912,1713201458.0212228,5.49913,1
store-worker-66e8acb0-574e-4392-a8ab-cdcb9fca760a,1713201461.7716947,1713201461.8658338,0.09414,2
store-worker-e773520a-073e-4b2e-8f27-15275cfd8d4e,1713201461.8740122,1713201461.9802938,0.10628,2
store-worker-66e8acb0-574e-4392-a8ab-cdcb9fca760a,1713201471.7765481,1713201471.8917596,0.11521,2
store-worker-e773520a-073e-4b2e-8f27-15275cfd8d4e,1713201471.875249,1713201472.2920494,0.4168,2
split-data-between-workers,1713201471.8406222,1713201479.3499215,7.5093,2
store-worker-66e8acb0-574e-4392-a8ab-cdcb9fca760a,1713201481.7730823,1713201482.135506,0.36242,2
store-worker-e773520a-073e-4b2e-8f27-15275cfd8d4e,1713201482.137511,1713201482.381684,0.24417,2
store-worker-66e8acb0-574e-4392-a8ab-cdcb9fca760a,1713201491.7719688,1713201491.8881931,0.11622,2
store-worker-e773520a-073e-4b2e-8f27-15275cfd8d4e,1713201491.8706005,1713201491.9868178,0.11622,2
store-worker-66e8acb0-574e-4392-a8ab-cdcb9fca760a,1713201501.772937,1713201501.889406,0.11647,2
store-worker-e773520a-073e-4b2e-8f27-15275cfd8d4e,1713201501.8722787,1713201502.0738502,0.20157,2
store-worker-66e8acb0-574e-4392-a8ab-cdcb9fca760a,1713201511.7776453,1713201511.892528,0.11488,2
store-worker-e773520a-073e-4b2e-8f27-15275cfd8d4e,1713201511.8770094,1713201512.1263409,0.24933,2
split-data-between-workers,1713201511.8387911,1713201518.6666062,6.82782,2
store-worker-66e8acb0-574e-4392-a8ab-cdcb9fca760a,1713201521.7724733,1713201521.8236046,0.05113,2
store-worker-e773520a-073e-4b2e-8f27-15275cfd8d4e,1713201521.873049,1713201521.9817526,0.1087,2
store-worker-66e8acb0-574e-4392-a8ab-cdcb9fca760a,1713201531.7774136,1713201531.8346457,0.05723,2
store-worker-e773520a-073e-4b2e-8f27-15275cfd8d4e,1713201531.8767157,1713201532.0914228,0.21471,2
store-worker-66e8acb0-574e-4392-a8ab-cdcb9fca760a,1713201541.7720277,1713201541.880109,0.10808,2
store-worker-e773520a-073e-4b2e-8f27-15275cfd8d4e,1713201541.8702908,1713201541.9956257,0.12533,2
store-worker-66e8acb0-574e-4392-a8ab-cdcb9fca760a,1713201551.7735531,1713201551.8921134,0.11856,2
store-worker-e773520a-073e-4b2e-8f27-15275cfd8d4e,1713201551.8772664,1713201551.9944146,0.11715,2
store-worker-66e8acb0-574e-4392-a8ab-cdcb9fca760a,1713201562.938708,1713201563.7771046,0.8384,2
store-worker-e773520a-073e-4b2e-8f27-15275cfd8d4e,1713201563.6150439,1713201563.799113,0.18407,2
send-context-to-workers,1713201552.0510283,1713201567.7272985,15.67627,2
store-worker-66e8acb0-574e-4392-a8ab-cdcb9fca760a,1713201571.7739036,1713201571.884279,0.11038,2
store-worker-e773520a-073e-4b2e-8f27-15275cfd8d4e,1713201571.8744297,1713201571.9496458,0.07522,2
store-worker-66e8acb0-574e-4392-a8ab-cdcb9fca760a,1713201581.7719655,1713201581.8908398,0.11887,2
store-worker-e773520a-073e-4b2e-8f27-15275cfd8d4e,1713201581.874583,1713201582.01449,0.13991,2
store-worker-e773520a-073e-4b2e-8f27-15275cfd8d4e,1713201591.878489,1713201592.2325678,0.35408,2
store-worker-66e8acb0-574e-4392-a8ab-cdcb9fca760a,1713201591.777847,1713201591.8978844,0.12004,2
store-worker-e773520a-073e-4b2e-8f27-15275cfd8d4e,1713201601.875258,1713201602.0810869,0.20583,2
store-worker-66e8acb0-574e-4392-a8ab-cdcb9fca760a,1713201601.841767,1713201602.3362467,0.49448,2
store-worker-e773520a-073e-4b2e-8f27-15275cfd8d4e,1713201611.8773124,1713201612.0791929,0.20188,2
store-worker-66e8acb0-574e-4392-a8ab-cdcb9fca760a,1713201612.0135818,1713201612.200518,0.18694,2
store-worker-66e8acb0-574e-4392-a8ab-cdcb9fca760a,1713201621.822415,1713201621.9464207,0.12401,2
store-worker-e773520a-073e-4b2e-8f27-15275cfd8d4e,1713201621.8799675,1713201622.1087692,0.2288,2
store-worker-e773520a-073e-4b2e-8f27-15275cfd8d4e,1713201631.8790302,1713201632.0225048,0.14347,2
store-worker-66e8acb0-574e-4392-a8ab-cdcb9fca760a,1713201632.186376,1713201632.4919877,0.30561,2
store-worker-e773520a-073e-4b2e-8f27-15275cfd8d4e,1713201641.8797913,1713201642.0871232,0.20733,2
store-worker-66e8acb0-574e-4392-a8ab-cdcb9fca760a,1713201642.071699,1713201642.4058132,0.33411,2
store-worker-e773520a-073e-4b2e-8f27-15275cfd8d4e,1713201651.8749802,1713201652.1432343,0.26825,2
store-worker-66e8acb0-574e-4392-a8ab-cdcb9fca760a,1713201651.8226788,1713201652.0448844,0.22221,2
store-worker-66e8acb0-574e-4392-a8ab-cdcb9fca760a,1713201662.221629,1713201662.3006175,0.07899,2
store-worker-e773520a-073e-4b2e-8f27-15275cfd8d4e,1713201662.3155873,1713201662.434303,0.11872,2
store-worker-e773520a-073e-4b2e-8f27-15275cfd8d4e,1713201671.8810506,1713201672.2756567,0.39461,2
store-worker-66e8acb0-574e-4392-a8ab-cdcb9fca760a,1713201671.8912466,1713201672.2030156,0.31177,2
store-worker-e773520a-073e-4b2e-8f27-15275cfd8d4e,1713201681.9587796,1713201682.0618849,0.10311,2
store-worker-66e8acb0-574e-4392-a8ab-cdcb9fca760a,1713201682.2382371,1713201682.5941365,0.3559,2
store-worker-66e8acb0-574e-4392-a8ab-cdcb9fca760a,1713201691.840567,1713201691.944995,0.10443,2
store-worker-e773520a-073e-4b2e-8f27-15275cfd8d4e,1713201692.1949875,1713201692.3383422,0.14335,2
store-worker-66e8acb0-574e-4392-a8ab-cdcb9fca760a,1713201701.772087,1713201701.828976,0.05689,2
store-worker-e773520a-073e-4b2e-8f27-15275cfd8d4e,1713201702.176887,1713201702.3455074,0.16862,2
store-worker-66e8acb0-574e-4392-a8ab-cdcb9fca760a,1713201711.7697544,1713201711.8223894,0.05263,2
store-worker-e773520a-073e-4b2e-8f27-15275cfd8d4e,1713201711.92724,1713201712.2160177,0.28878,2
update-from-worker-<built-in function id>,1713201711.8551292,1713201712.5834727,0.72834,2
store-worker-66e8acb0-574e-4392-a8ab-cdcb9fca760a,1713201721.772259,1713201721.8869927,0.11473,2
store-worker-e773520a-073e-4b2e-8f27-15275cfd8d4e,1713201721.8973844,1713201722.1661978,0.26881,2
store-worker-66e8acb0-574e-4392-a8ab-cdcb9fca760a,1713201731.7734323,1713201731.8835642,0.11013,2
store-worker-e773520a-073e-4b2e-8f27-15275cfd8d4e,1713201731.9821846,1713201732.1599557,0.17777,2
store-worker-66e8acb0-574e-4392-a8ab-cdcb9fca760a,1713201741.7706268,1713201741.877609,0.10698,2
store-worker-e773520a-073e-4b2e-8f27-15275cfd8d4e,1713201742.2797985,1713201742.3524733,0.07267,2
store-worker-e773520a-073e-4b2e-8f27-15275cfd8d4e,1713201751.8961418,1713201752.198546,0.3024,2
store-worker-66e8acb0-574e-4392-a8ab-cdcb9fca760a,1713201751.7750552,1713201751.9011998,0.12614,2
store-worker-e773520a-073e-4b2e-8f27-15275cfd8d4e,1713201761.8784575,1713201762.078649,0.20019,2
store-worker-66e8acb0-574e-4392-a8ab-cdcb9fca760a,1713201761.7790492,1713201761.9021819,0.12313,2
store-worker-66e8acb0-574e-4392-a8ab-cdcb9fca760a,1713201771.7732584,1713201771.8921103,0.11885,2
store-worker-e773520a-073e-4b2e-8f27-15275cfd8d4e,1713201771.8740425,1713201772.1277604,0.25372,2
store-worker-66e8acb0-574e-4392-a8ab-cdcb9fca760a,1713201781.7714005,1713201781.8825824,0.11118,2
store-worker-e773520a-073e-4b2e-8f27-15275cfd8d4e,1713201781.869834,1713201781.9945135,0.12468,2
store-worker-66e8acb0-574e-4392-a8ab-cdcb9fca760a,1713201791.7780125,1713201791.9144228,0.13641,2
update-from-worker-<built-in function id>,1713201791.9010599,1713201792.2370813,0.33602,2
store-worker-e773520a-073e-4b2e-8f27-15275cfd8d4e,1713201791.8735113,1713201792.098191,0.22468,2
store-worker-66e8acb0-574e-4392-a8ab-cdcb9fca760a,1713201801.7771015,1713201801.8879316,0.11083,2
update-global-model,1713201801.8399718,1713201802.7046928,0.86472,2
evaluate-global-model,1713201802.920124,1713201808.5319061,5.61178,2
store-worker-66e8acb0-574e-4392-a8ab-cdcb9fca760a,1713201811.7745981,1713201811.8659408,0.09134,3
store-worker-e773520a-073e-4b2e-8f27-15275cfd8d4e,1713201811.8784778,1713201812.0884562,0.20998,3
store-worker-66e8acb0-574e-4392-a8ab-cdcb9fca760a,1713201821.7719278,1713201821.8633332,0.09141,3
store-worker-e773520a-073e-4b2e-8f27-15275cfd8d4e,1713201821.8723302,1713201821.986866,0.11454,3
store-worker-66e8acb0-574e-4392-a8ab-cdcb9fca760a,1713201831.7758057,1713201831.8955536,0.11975,3
store-worker-e773520a-073e-4b2e-8f27-15275cfd8d4e,1713201831.8772256,1713201832.1199627,0.24274,3
split-data-between-workers,1713201831.840044,1713201843.783779,11.94373,3
store-worker-e773520a-073e-4b2e-8f27-15275cfd8d4e,1713201842.8783178,1713201843.8780336,0.99972,3
store-worker-66e8acb0-574e-4392-a8ab-cdcb9fca760a,1713201842.8737462,1713201843.8191383,0.94539,3
store-worker-66e8acb0-574e-4392-a8ab-cdcb9fca760a,1713201851.778655,1713201851.987599,0.20894,3
store-worker-e773520a-073e-4b2e-8f27-15275cfd8d4e,1713201851.874477,1713201852.2718978,0.39742,3
store-worker-e773520a-073e-4b2e-8f27-15275cfd8d4e,1713201861.8747394,1713201862.003475,0.12874,3
store-worker-66e8acb0-574e-4392-a8ab-cdcb9fca760a,1713201861.7773232,1713201861.8884165,0.11109,3
store-worker-66e8acb0-574e-4392-a8ab-cdcb9fca760a,1713201871.774677,1713201871.8916025,0.11693,3
store-worker-e773520a-073e-4b2e-8f27-15275cfd8d4e,1713201871.8741214,1713201872.0385113,0.16439,3
store-worker-e773520a-073e-4b2e-8f27-15275cfd8d4e,1713201882.508181,1713201882.7930572,0.28488,3
store-worker-66e8acb0-574e-4392-a8ab-cdcb9fca760a,1713201881.9919527,1713201882.7204704,0.72852,3
send-context-to-workers,1713201872.112638,1713201885.952475,13.83984,3
store-worker-66e8acb0-574e-4392-a8ab-cdcb9fca760a,1713201891.7742178,1713201891.8954544,0.12124,3
store-worker-e773520a-073e-4b2e-8f27-15275cfd8d4e,1713201891.8797047,1713201892.13891,0.25921,3
store-worker-66e8acb0-574e-4392-a8ab-cdcb9fca760a,1713201901.7707255,1713201901.8230908,0.05237,3
store-worker-e773520a-073e-4b2e-8f27-15275cfd8d4e,1713201901.8786263,1713201902.02433,0.1457,3
store-worker-66e8acb0-574e-4392-a8ab-cdcb9fca760a,1713201911.7761562,1713201911.8416605,0.0655,3
store-worker-e773520a-073e-4b2e-8f27-15275cfd8d4e,1713201911.885091,1713201911.9838223,0.09873,3
store-worker-66e8acb0-574e-4392-a8ab-cdcb9fca760a,1713201921.7771952,1713201921.9067316,0.12954,3
store-worker-e773520a-073e-4b2e-8f27-15275cfd8d4e,1713201921.8792305,1713201922.0710003,0.19177,3
store-worker-e773520a-073e-4b2e-8f27-15275cfd8d4e,1713201931.87217,1713201931.9960725,0.1239,3
store-worker-66e8acb0-574e-4392-a8ab-cdcb9fca760a,1713201931.7724593,1713201931.8835459,0.11109,3
store-worker-66e8acb0-574e-4392-a8ab-cdcb9fca760a,1713201941.7709858,1713201941.8776023,0.10662,3
store-worker-e773520a-073e-4b2e-8f27-15275cfd8d4e,1713201941.871058,1713201941.995838,0.12478,3
store-worker-66e8acb0-574e-4392-a8ab-cdcb9fca760a,1713201951.7792113,1713201951.9042804,0.12507,3
store-worker-e773520a-073e-4b2e-8f27-15275cfd8d4e,1713201951.8795226,1713201952.2235477,0.34403,3
store-worker-66e8acb0-574e-4392-a8ab-cdcb9fca760a,1713201961.9054456,1713201962.1089718,0.20353,3
store-worker-e773520a-073e-4b2e-8f27-15275cfd8d4e,1713201961.8809736,1713201962.2193928,0.33842,3
store-worker-e773520a-073e-4b2e-8f27-15275cfd8d4e,1713201972.1149771,1713201972.3733408,0.25836,3
store-worker-66e8acb0-574e-4392-a8ab-cdcb9fca760a,1713201972.3093307,1713201972.6528962,0.34357,3
store-worker-66e8acb0-574e-4392-a8ab-cdcb9fca760a,1713201981.9168203,1713201982.2752256,0.35841,3
store-worker-e773520a-073e-4b2e-8f27-15275cfd8d4e,1713201981.9244466,1713201982.3965018,0.47206,3
store-worker-66e8acb0-574e-4392-a8ab-cdcb9fca760a,1713201991.7812395,1713201991.897309,0.11607,3
store-worker-e773520a-073e-4b2e-8f27-15275cfd8d4e,1713201991.9677846,1713201992.1828277,0.21504,3
store-worker-66e8acb0-574e-4392-a8ab-cdcb9fca760a,1713202002.002676,1713202002.1812515,0.17858,3
store-worker-e773520a-073e-4b2e-8f27-15275cfd8d4e,1713202001.9603639,1713202002.3376648,0.3773,3
store-worker-66e8acb0-574e-4392-a8ab-cdcb9fca760a,1713202011.773692,1713202011.8891616,0.11547,3
store-worker-e773520a-073e-4b2e-8f27-15275cfd8d4e,1713202011.952662,1713202012.1669881,0.21433,3
store-worker-e773520a-073e-4b2e-8f27-15275cfd8d4e,1713202021.9599187,1713202022.1953108,0.23539,3
store-worker-66e8acb0-574e-4392-a8ab-cdcb9fca760a,1713202021.839034,1713202022.2609265,0.42189,3
store-worker-66e8acb0-574e-4392-a8ab-cdcb9fca760a,1713202031.7952511,1713202031.9214997,0.12625,3
store-worker-e773520a-073e-4b2e-8f27-15275cfd8d4e,1713202032.2452643,1713202032.4037848,0.15852,3
store-worker-66e8acb0-574e-4392-a8ab-cdcb9fca760a,1713202041.8406887,1713202042.0273044,0.18662,3
store-worker-e773520a-073e-4b2e-8f27-15275cfd8d4e,1713202041.964216,1713202042.112788,0.14857,3
store-worker-e773520a-073e-4b2e-8f27-15275cfd8d4e,1713202052.0644593,1713202052.4184926,0.35403,3
store-worker-66e8acb0-574e-4392-a8ab-cdcb9fca760a,1713202052.1283374,1713202052.5604537,0.43212,3
store-worker-66e8acb0-574e-4392-a8ab-cdcb9fca760a,1713202062.10839,1713202062.3397093,0.23132,3
store-worker-e773520a-073e-4b2e-8f27-15275cfd8d4e,1713202062.1748037,1713202062.3795233,0.20472,3
store-worker-66e8acb0-574e-4392-a8ab-cdcb9fca760a,1713202071.7863638,1713202071.9133863,0.12702,3
store-worker-e773520a-073e-4b2e-8f27-15275cfd8d4e,1713202071.8828797,1713202072.5057883,0.62291,3
store-worker-66e8acb0-574e-4392-a8ab-cdcb9fca760a,1713202081.7685645,1713202081.8735337,0.10497,3
store-worker-e773520a-073e-4b2e-8f27-15275cfd8d4e,1713202081.8700562,1713202081.9905162,0.12046,3
store-worker-66e8acb0-574e-4392-a8ab-cdcb9fca760a,1713202091.7796335,1713202091.8899844,0.11035,3
store-worker-e773520a-073e-4b2e-8f27-15275cfd8d4e,1713202091.8696246,1713202092.0029986,0.13337,3
store-worker-66e8acb0-574e-4392-a8ab-cdcb9fca760a,1713202101.784824,1713202101.8650744,0.08025,3
store-worker-e773520a-073e-4b2e-8f27-15275cfd8d4e,1713202101.8913682,1713202102.3344884,0.44312,3
store-worker-e773520a-073e-4b2e-8f27-15275cfd8d4e,1713202111.8780167,1713202112.1259794,0.24796,3
store-worker-66e8acb0-574e-4392-a8ab-cdcb9fca760a,1713202111.7767956,1713202111.9089003,0.1321,3
update-from-worker-<built-in function id>,1713202111.8217838,1713202112.1771939,0.35541,3
update-from-worker-<built-in function id>,1713202111.90282,1713202112.5109217,0.6081,3
store-worker-66e8acb0-574e-4392-a8ab-cdcb9fca760a,1713202121.7715657,1713202121.8809843,0.10942,3
store-worker-e773520a-073e-4b2e-8f27-15275cfd8d4e,1713202121.87073,1713202121.9960916,0.12536,3
store-worker-e773520a-073e-4b2e-8f27-15275cfd8d4e,1713202131.8773797,1713202132.014049,0.13667,3
store-worker-66e8acb0-574e-4392-a8ab-cdcb9fca760a,1713202131.7770154,1713202131.8881216,0.11111,3
store-worker-66e8acb0-574e-4392-a8ab-cdcb9fca760a,1713202141.7720256,1713202141.8795233,0.1075,3
store-worker-e773520a-073e-4b2e-8f27-15275cfd8d4e,1713202141.869893,1713202141.9423835,0.07249,3
store-worker-66e8acb0-574e-4392-a8ab-cdcb9fca760a,1713202151.772764,1713202151.8374434,0.06468,3
store-worker-e773520a-073e-4b2e-8f27-15275cfd8d4e,1713202151.8801508,1713202152.0985985,0.21845,3
update-global-model,1713202151.841153,1713202152.2579057,0.41675,3
evaluate-global-model,1713202152.554962,1713202158.1722255,5.61726,3
store-worker-66e8acb0-574e-4392-a8ab-cdcb9fca760a,1713202161.772948,1713202161.8753653,0.10242,4
store-worker-e773520a-073e-4b2e-8f27-15275cfd8d4e,1713202161.88291,1713202162.047626,0.16472,4
store-worker-66e8acb0-574e-4392-a8ab-cdcb9fca760a,1713202171.7762153,1713202171.8232944,0.04708,4
store-worker-e773520a-073e-4b2e-8f27-15275cfd8d4e,1713202171.8752713,1713202171.9853108,0.11004,4
store-worker-66e8acb0-574e-4392-a8ab-cdcb9fca760a,1713202181.7713819,1713202181.8783598,0.10698,4
store-worker-e773520a-073e-4b2e-8f27-15275cfd8d4e,1713202181.8697915,1713202181.9990191,0.12923,4
store-worker-66e8acb0-574e-4392-a8ab-cdcb9fca760a,1713202191.773943,1713202191.8251748,0.05123,4
store-worker-e773520a-073e-4b2e-8f27-15275cfd8d4e,1713202191.8804524,1713202192.1234982,0.24305,4
store-worker-66e8acb0-574e-4392-a8ab-cdcb9fca760a,1713202201.8323767,1713202203.0599039,1.22753,4
store-worker-e773520a-073e-4b2e-8f27-15275cfd8d4e,1713202202.6084735,1713202203.0881615,0.47969,4
split-data-between-workers,1713202191.8426826,1713202202.882223,11.03954,4
store-worker-e773520a-073e-4b2e-8f27-15275cfd8d4e,1713202211.8700154,1713202211.9474845,0.07747,4
store-worker-66e8acb0-574e-4392-a8ab-cdcb9fca760a,1713202211.7716672,1713202211.880979,0.10931,4
store-worker-66e8acb0-574e-4392-a8ab-cdcb9fca760a,1713202221.7773845,1713202221.9076056,0.13022,4
store-worker-e773520a-073e-4b2e-8f27-15275cfd8d4e,1713202221.8746066,1713202222.0075066,0.1329,4
store-worker-e773520a-073e-4b2e-8f27-15275cfd8d4e,1713202231.8734806,1713202231.9911077,0.11763,4
store-worker-66e8acb0-574e-4392-a8ab-cdcb9fca760a,1713202231.7795045,1713202231.8898392,0.11033,4
store-worker-e773520a-073e-4b2e-8f27-15275cfd8d4e,1713202242.153241,1713202242.840978,0.68774,4
store-worker-66e8acb0-574e-4392-a8ab-cdcb9fca760a,1713202242.1541967,1713202242.8937337,0.73954,4
send-context-to-workers,1713202232.3400497,1713202245.7833378,13.44329,4
store-worker-66e8acb0-574e-4392-a8ab-cdcb9fca760a,1713202251.7763984,1713202251.890434,0.11404,4
store-worker-e773520a-073e-4b2e-8f27-15275cfd8d4e,1713202251.8823795,1713202252.4854424,0.60306,4
store-worker-e773520a-073e-4b2e-8f27-15275cfd8d4e,1713202261.8694263,1713202261.9782937,0.10887,4
store-worker-66e8acb0-574e-4392-a8ab-cdcb9fca760a,1713202261.7686942,1713202261.872961,0.10427,4
store-worker-66e8acb0-574e-4392-a8ab-cdcb9fca760a,1713202271.7764409,1713202271.8908565,0.11442,4
store-worker-66e8acb0-574e-4392-a8ab-cdcb9fca760a,1713202281.7721984,1713202281.884048,0.11185,4
store-worker-e773520a-073e-4b2e-8f27-15275cfd8d4e,1713202281.8722239,1713202282.050853,0.17863,4
store-worker-66e8acb0-574e-4392-a8ab-cdcb9fca760a,1713202291.7760065,1713202291.888264,0.11226,4
store-worker-e773520a-073e-4b2e-8f27-15275cfd8d4e,1713202291.8744485,1713202292.0146885,0.14024,4
store-worker-66e8acb0-574e-4392-a8ab-cdcb9fca760a,1713202301.7719345,1713202301.8565838,0.08465,4
store-worker-e773520a-073e-4b2e-8f27-15275cfd8d4e,1713202301.873088,1713202302.1157377,0.24265,4
store-worker-66e8acb0-574e-4392-a8ab-cdcb9fca760a,1713202311.7730677,1713202311.8889105,0.11584,4
store-worker-e773520a-073e-4b2e-8f27-15275cfd8d4e,1713202311.8788664,1713202312.1801982,0.30133,4
store-worker-66e8acb0-574e-4392-a8ab-cdcb9fca760a,1713202321.8201733,1713202321.913049,0.09288,4
store-worker-e773520a-073e-4b2e-8f27-15275cfd8d4e,1713202321.9571307,1713202322.1256537,0.16852,4
store-worker-66e8acb0-574e-4392-a8ab-cdcb9fca760a,1713202331.8979213,1713202332.2168834,0.31896,4
store-worker-e773520a-073e-4b2e-8f27-15275cfd8d4e,1713202331.919354,1713202332.244489,0.32513,4
store-worker-66e8acb0-574e-4392-a8ab-cdcb9fca760a,1713202341.7736306,1713202341.8915224,0.11789,4
store-worker-e773520a-073e-4b2e-8f27-15275cfd8d4e,1713202342.2471251,1713202342.3953528,0.14823,4
store-worker-e773520a-073e-4b2e-8f27-15275cfd8d4e,1713202351.881145,1713202352.1672761,0.28613,4
store-worker-66e8acb0-574e-4392-a8ab-cdcb9fca760a,1713202352.1749728,1713202352.497048,0.32208,4
store-worker-66e8acb0-574e-4392-a8ab-cdcb9fca760a,1713202361.7842245,1713202361.9037356,0.11951,4
store-worker-e773520a-073e-4b2e-8f27-15275cfd8d4e,1713202361.9406035,1713202362.2707067,0.3301,4
store-worker-e773520a-073e-4b2e-8f27-15275cfd8d4e,1713202371.8864114,1713202372.160858,0.27445,4
store-worker-66e8acb0-574e-4392-a8ab-cdcb9fca760a,1713202372.3038723,1713202372.5909479,0.28708,4
store-worker-66e8acb0-574e-4392-a8ab-cdcb9fca760a,1713202381.9117045,1713202382.1040812,0.19238,4
store-worker-e773520a-073e-4b2e-8f27-15275cfd8d4e,1713202382.2240818,1713202382.4626226,0.23854,4
store-worker-66e8acb0-574e-4392-a8ab-cdcb9fca760a,1713202391.8654325,1713202392.034233,0.1688,4
store-worker-e773520a-073e-4b2e-8f27-15275cfd8d4e,1713202391.8799145,1713202392.2062008,0.32629,4
store-worker-e773520a-073e-4b2e-8f27-15275cfd8d4e,1713202401.8894656,1713202402.01254,0.12307,4
store-worker-66e8acb0-574e-4392-a8ab-cdcb9fca760a,1713202401.9150178,1713202402.1687071,0.25369,4
store-worker-e773520a-073e-4b2e-8f27-15275cfd8d4e,1713202411.8823524,1713202412.1896088,0.30726,4
store-worker-66e8acb0-574e-4392-a8ab-cdcb9fca760a,1713202411.8611922,1713202412.3283596,0.46717,4
store-worker-e773520a-073e-4b2e-8f27-15275cfd8d4e,1713202421.9291906,1713202422.1084156,0.17922,4
store-worker-66e8acb0-574e-4392-a8ab-cdcb9fca760a,1713202422.0107307,1713202422.263577,0.25285,4
store-worker-66e8acb0-574e-4392-a8ab-cdcb9fca760a,1713202431.776288,1713202431.895215,0.11893,4
store-worker-e773520a-073e-4b2e-8f27-15275cfd8d4e,1713202431.8813624,1713202432.1480196,0.26666,4
store-worker-66e8acb0-574e-4392-a8ab-cdcb9fca760a,1713202441.7727365,1713202441.8802264,0.10749,4
store-worker-e773520a-073e-4b2e-8f27-15275cfd8d4e,1713202441.8745077,1713202442.0169203,0.14241,4
store-worker-66e8acb0-574e-4392-a8ab-cdcb9fca760a,1713202451.776145,1713202451.8689651,0.09282,4
store-worker-e773520a-073e-4b2e-8f27-15275cfd8d4e,1713202451.8724587,1713202452.1170776,0.24462,4
store-worker-66e8acb0-574e-4392-a8ab-cdcb9fca760a,1713202461.778215,1713202461.893469,0.11525,4
store-worker-e773520a-073e-4b2e-8f27-15275cfd8d4e,1713202461.8790264,1713202462.0929768,0.21395,4
store-worker-66e8acb0-574e-4392-a8ab-cdcb9fca760a,1713202471.7791295,1713202471.8546662,0.07554,4
update-from-worker-<built-in function id>,1713202471.822868,1713202472.282047,0.45918,4
store-worker-e773520a-073e-4b2e-8f27-15275cfd8d4e,1713202471.8883774,1713202472.326167,0.43779,4
store-worker-66e8acb0-574e-4392-a8ab-cdcb9fca760a,1713202481.7734306,1713202481.8843682,0.11094,4
store-worker-e773520a-073e-4b2e-8f27-15275cfd8d4e,1713202481.8732224,1713202482.0144935,0.14127,4
store-worker-e773520a-073e-4b2e-8f27-15275cfd8d4e,1713202491.8743181,1713202492.0926569,0.21834,4
store-worker-66e8acb0-574e-4392-a8ab-cdcb9fca760a,1713202491.7784395,1713202491.8873048,0.10887,4
store-worker-66e8acb0-574e-4392-a8ab-cdcb9fca760a,1713202501.7765017,1713202501.8851256,0.10862,4
store-worker-e773520a-073e-4b2e-8f27-15275cfd8d4e,1713202501.8740482,1713202502.156449,0.2824,4
update-global-model,1713202501.8393795,1713202502.3835282,0.54415,4
evaluate-global-model,1713202502.5164435,1713202507.8788624,5.36242,4
store-worker-66e8acb0-574e-4392-a8ab-cdcb9fca760a,1713202511.7739444,1713202511.8782024,0.10426,5
store-worker-e773520a-073e-4b2e-8f27-15275cfd8d4e,1713202511.8728216,1713202516.8080475,4.93523,5
split-data-between-workers,1713202511.8386345,1713202519.822364,7.98373,5
store-worker-66e8acb0-574e-4392-a8ab-cdcb9fca760a,1713202521.7767563,1713202522.1564407,0.37968,5
store-worker-e773520a-073e-4b2e-8f27-15275cfd8d4e,1713202522.1609974,1713202522.3407867,0.17979,5
store-worker-66e8acb0-574e-4392-a8ab-cdcb9fca760a,1713202531.7720537,1713202531.8790307,0.10698,5
store-worker-e773520a-073e-4b2e-8f27-15275cfd8d4e,1713202531.8701348,1713202531.9446075,0.07447,5
store-worker-66e8acb0-574e-4392-a8ab-cdcb9fca760a,1713202541.7762363,1713202541.8439946,0.06776,5
store-worker-e773520a-073e-4b2e-8f27-15275cfd8d4e,1713202541.8760972,1713202542.1651487,0.28905,5
store-worker-66e8acb0-574e-4392-a8ab-cdcb9fca760a,1713202551.7739697,1713202551.8889656,0.115,5
store-worker-e773520a-073e-4b2e-8f27-15275cfd8d4e,1713202551.8798547,1713202552.0305963,0.15074,5
split-data-between-workers,1713202551.839991,1713202559.3174257,7.47743,5
store-worker-66e8acb0-574e-4392-a8ab-cdcb9fca760a,1713202561.7726226,1713202562.1553185,0.3827,5
store-worker-e773520a-073e-4b2e-8f27-15275cfd8d4e,1713202561.8712556,1713202562.3320115,0.46076,5
store-worker-66e8acb0-574e-4392-a8ab-cdcb9fca760a,1713202571.7708397,1713202571.8815296,0.11069,5
store-worker-e773520a-073e-4b2e-8f27-15275cfd8d4e,1713202571.8701782,1713202572.0640733,0.1939,5
store-worker-66e8acb0-574e-4392-a8ab-cdcb9fca760a,1713202581.7743611,1713202581.8902998,0.11594,5
store-worker-e773520a-073e-4b2e-8f27-15275cfd8d4e,1713202581.8733034,1713202582.0557778,0.18247,5
store-worker-66e8acb0-574e-4392-a8ab-cdcb9fca760a,1713202591.7736568,1713202591.8863297,0.11267,5
store-worker-e773520a-073e-4b2e-8f27-15275cfd8d4e,1713202591.8772638,1713202592.1273153,0.25005,5
store-worker-66e8acb0-574e-4392-a8ab-cdcb9fca760a,1713202602.8869073,1713202603.0022087,0.1153,5
store-worker-e773520a-073e-4b2e-8f27-15275cfd8d4e,1713202602.8896132,1713202603.0613813,0.17177,5
send-context-to-workers,1713202592.2882936,1713202605.9747546,13.68646,5
store-worker-66e8acb0-574e-4392-a8ab-cdcb9fca760a,1713202611.7766724,1713202611.8884993,0.11183,5
store-worker-e773520a-073e-4b2e-8f27-15275cfd8d4e,1713202611.8777943,1713202612.1595716,0.28178,5
store-worker-e773520a-073e-4b2e-8f27-15275cfd8d4e,1713202621.8703265,1713202622.002184,0.13186,5
store-worker-66e8acb0-574e-4392-a8ab-cdcb9fca760a,1713202621.7715733,1713202621.8848598,0.11329,5
store-worker-e773520a-073e-4b2e-8f27-15275cfd8d4e,1713202631.872855,1713202632.0071135,0.13426,5
store-worker-66e8acb0-574e-4392-a8ab-cdcb9fca760a,1713202631.7744272,1713202631.8911324,0.11671,5
store-worker-e773520a-073e-4b2e-8f27-15275cfd8d4e,1713202641.8764756,1713202642.0424078,0.16593,5
store-worker-66e8acb0-574e-4392-a8ab-cdcb9fca760a,1713202641.773179,1713202641.8840287,0.11085,5
store-worker-66e8acb0-574e-4392-a8ab-cdcb9fca760a,1713202651.7741044,1713202651.8826602,0.10856,5
store-worker-e773520a-073e-4b2e-8f27-15275cfd8d4e,1713202651.8796225,1713202652.053426,0.1738,5
store-worker-66e8acb0-574e-4392-a8ab-cdcb9fca760a,1713202661.7744372,1713202661.8193808,0.04494,5
store-worker-e773520a-073e-4b2e-8f27-15275cfd8d4e,1713202661.8757594,1713202662.032437,0.15668,5
store-worker-66e8acb0-574e-4392-a8ab-cdcb9fca760a,1713202671.7876575,1713202671.9344583,0.1468,5
store-worker-e773520a-073e-4b2e-8f27-15275cfd8d4e,1713202671.8824182,1713202672.1195095,0.23709,5
store-worker-66e8acb0-574e-4392-a8ab-cdcb9fca760a,1713202682.1091747,1713202682.4364147,0.32724,5
store-worker-e773520a-073e-4b2e-8f27-15275cfd8d4e,1713202682.1279902,1713202682.4693158,0.34133,5
store-worker-66e8acb0-574e-4392-a8ab-cdcb9fca760a,1713202691.8320765,1713202691.949121,0.11704,5
store-worker-e773520a-073e-4b2e-8f27-15275cfd8d4e,1713202691.916291,1713202692.1849828,0.26869,5
store-worker-66e8acb0-574e-4392-a8ab-cdcb9fca760a,1713202701.9734225,1713202702.292324,0.3189,5
store-worker-e773520a-073e-4b2e-8f27-15275cfd8d4e,1713202702.3425114,1713202702.4911065,0.1486,5
store-worker-66e8acb0-574e-4392-a8ab-cdcb9fca760a,1713202711.865752,1713202712.2607665,0.39501,5
store-worker-e773520a-073e-4b2e-8f27-15275cfd8d4e,1713202711.9689379,1713202712.5582395,0.5893,5
store-worker-66e8acb0-574e-4392-a8ab-cdcb9fca760a,1713202721.9624927,1713202722.1929352,0.23044,5
store-worker-e773520a-073e-4b2e-8f27-15275cfd8d4e,1713202722.3615708,1713202722.507925,0.14635,5
store-worker-66e8acb0-574e-4392-a8ab-cdcb9fca760a,1713202732.2126188,1713202732.486672,0.27405,5
store-worker-e773520a-073e-4b2e-8f27-15275cfd8d4e,1713202732.3249717,1713202732.617341,0.29237,5
store-worker-e773520a-073e-4b2e-8f27-15275cfd8d4e,1713202741.885887,1713202742.1512048,0.26532,5
store-worker-66e8acb0-574e-4392-a8ab-cdcb9fca760a,1713202741.8806279,1713202742.2897966,0.40917,5
store-worker-66e8acb0-574e-4392-a8ab-cdcb9fca760a,1713202751.84605,1713202752.0846148,0.23856,5
store-worker-e773520a-073e-4b2e-8f27-15275cfd8d4e,1713202752.26506,1713202752.5912957,0.32624,5
store-worker-e773520a-073e-4b2e-8f27-15275cfd8d4e,1713202761.8855882,1713202762.1513486,0.26576,5
store-worker-66e8acb0-574e-4392-a8ab-cdcb9fca760a,1713202762.255489,1713202762.5766087,0.32112,5
store-worker-e773520a-073e-4b2e-8f27-15275cfd8d4e,1713202771.975146,1713202772.199569,0.22442,5
store-worker-66e8acb0-574e-4392-a8ab-cdcb9fca760a,1713202772.09518,1713202772.5209098,0.42573,5
store-worker-e773520a-073e-4b2e-8f27-15275cfd8d4e,1713202782.0891776,1713202782.3247564,0.23558,5
store-worker-66e8acb0-574e-4392-a8ab-cdcb9fca760a,1713202782.1974123,1713202782.3671646,0.16975,5
store-worker-66e8acb0-574e-4392-a8ab-cdcb9fca760a,1713202791.781271,1713202791.8983781,0.11711,5
store-worker-e773520a-073e-4b2e-8f27-15275cfd8d4e,1713202791.881608,1713202792.1506872,0.26908,5
store-worker-66e8acb0-574e-4392-a8ab-cdcb9fca760a,1713202801.772633,1713202801.8900785,0.11745,5
store-worker-e773520a-073e-4b2e-8f27-15275cfd8d4e,1713202801.8708074,1713202802.1345422,0.26373,5
store-worker-66e8acb0-574e-4392-a8ab-cdcb9fca760a,1713202811.7716172,1713202811.8794346,0.10782,5
store-worker-e773520a-073e-4b2e-8f27-15275cfd8d4e,1713202811.8705375,1713202811.9978426,0.12731,5
store-worker-e773520a-073e-4b2e-8f27-15275cfd8d4e,1713202821.8765671,1713202822.0084605,0.13189,5
store-worker-66e8acb0-574e-4392-a8ab-cdcb9fca760a,1713202821.7761648,1713202821.8888743,0.11271,5
update-from-worker-<built-in function id>,1713202831.80488,1713202832.0489066,0.24403,5
store-worker-e773520a-073e-4b2e-8f27-15275cfd8d4e,1713202831.875399,1713202832.0989156,0.22352,5
update-from-worker-<built-in function id>,1713202831.9003828,1713202832.164426,0.26404,5
store-worker-66e8acb0-574e-4392-a8ab-cdcb9fca760a,1713202831.7755284,1713202831.896655,0.12113,5
store-worker-66e8acb0-574e-4392-a8ab-cdcb9fca760a,1713202841.775694,1713202841.8871217,0.11143,5
store-worker-e773520a-073e-4b2e-8f27-15275cfd8d4e,1713202841.8763647,1713202841.9987829,0.12242,5
store-worker-66e8acb0-574e-4392-a8ab-cdcb9fca760a,1713202851.7740405,1713202851.884581,0.11054,5
update-global-model,1713202851.8402593,1713202852.3986244,0.55837,5
store-worker-e773520a-073e-4b2e-8f27-15275cfd8d4e,1713202851.8746405,1713202852.1427717,0.26813,5
evaluate-global-model,1713202852.6357296,1713202857.9254797,5.28975,5
store-worker-66e8acb0-574e-4392-a8ab-cdcb9fca760a,1713202861.770748,1713202861.864533,0.09379,6
store-worker-e773520a-073e-4b2e-8f27-15275cfd8d4e,1713202861.874615,1713202862.0880878,0.21347,6
store-worker-66e8acb0-574e-4392-a8ab-cdcb9fca760a,1713202871.7729144,1713202871.885402,0.11249,6
store-worker-e773520a-073e-4b2e-8f27-15275cfd8d4e,1713202871.8757074,1713202872.053293,0.17759,6
send-context-to-workers,1713202871.9185648,1713202872.7933257,0.87476,6
store-worker-66e8acb0-574e-4392-a8ab-cdcb9fca760a,1713202881.776038,1713202881.8919568,0.11592,6
store-worker-e773520a-073e-4b2e-8f27-15275cfd8d4e,1713202881.8755963,1713202882.0552826,0.17969,6
store-worker-66e8acb0-574e-4392-a8ab-cdcb9fca760a,1713202891.7726018,1713202891.879222,0.10662,6
store-worker-e773520a-073e-4b2e-8f27-15275cfd8d4e,1713202891.8702118,1713202891.9910443,0.12083,6
store-worker-66e8acb0-574e-4392-a8ab-cdcb9fca760a,1713202901.7714314,1713202901.8865235,0.11509,6
store-worker-e773520a-073e-4b2e-8f27-15275cfd8d4e,1713202901.870355,1713202902.038892,0.16854,6
store-worker-66e8acb0-574e-4392-a8ab-cdcb9fca760a,1713202911.7735345,1713202911.887812,0.11428,6
store-worker-e773520a-073e-4b2e-8f27-15275cfd8d4e,1713202911.8752246,1713202912.1623182,0.28709,6
store-worker-66e8acb0-574e-4392-a8ab-cdcb9fca760a,1713202921.773272,1713202921.8840723,0.1108,6
store-worker-e773520a-073e-4b2e-8f27-15275cfd8d4e,1713202921.8710532,1713202921.9946134,0.12356,6
store-worker-66e8acb0-574e-4392-a8ab-cdcb9fca760a,1713202931.7730746,1713202931.8799603,0.10689,6
store-worker-e773520a-073e-4b2e-8f27-15275cfd8d4e,1713202931.8732502,1713202931.969666,0.09642,6
store-worker-66e8acb0-574e-4392-a8ab-cdcb9fca760a,1713202941.7766898,1713202941.898388,0.1217,6
store-worker-e773520a-073e-4b2e-8f27-15275cfd8d4e,1713202941.8729117,1713202942.1471725,0.27426,6
store-worker-66e8acb0-574e-4392-a8ab-cdcb9fca760a,1713202951.7735627,1713202951.9055755,0.13201,6
store-worker-e773520a-073e-4b2e-8f27-15275cfd8d4e,1713202951.8766963,1713202952.1133566,0.23666,6
store-worker-66e8acb0-574e-4392-a8ab-cdcb9fca760a,1713202961.7714202,1713202961.8157518,0.04433,6
store-worker-e773520a-073e-4b2e-8f27-15275cfd8d4e,1713202961.8787305,1713202961.9629827,0.08425,6
store-worker-e773520a-073e-4b2e-8f27-15275cfd8d4e,1713202971.8757575,1713202972.092966,0.21721,6
store-worker-66e8acb0-574e-4392-a8ab-cdcb9fca760a,1713202971.7740297,1713202971.887608,0.11358,6
store-worker-66e8acb0-574e-4392-a8ab-cdcb9fca760a,1713202981.7722127,1713202981.8794188,0.10721,6
store-worker-e773520a-073e-4b2e-8f27-15275cfd8d4e,1713202981.8707664,1713202982.069445,0.19868,6
store-worker-e773520a-073e-4b2e-8f27-15275cfd8d4e,1713202991.8731627,1713202992.049217,0.17605,6
store-worker-66e8acb0-574e-4392-a8ab-cdcb9fca760a,1713202991.7788668,1713202991.8886042,0.10974,6
store-worker-66e8acb0-574e-4392-a8ab-cdcb9fca760a,1713203001.7770023,1713203001.8872159,0.11021,6
store-worker-e773520a-073e-4b2e-8f27-15275cfd8d4e,1713203001.8800051,1713203002.0587146,0.17871,6
store-worker-66e8acb0-574e-4392-a8ab-cdcb9fca760a,1713203011.7771072,1713203011.8260055,0.0489,6
store-worker-e773520a-073e-4b2e-8f27-15275cfd8d4e,1713203011.872244,1713203012.04539,0.17315,6
store-worker-66e8acb0-574e-4392-a8ab-cdcb9fca760a,1713203021.7734342,1713203021.8864021,0.11297,6
store-worker-66e8acb0-574e-4392-a8ab-cdcb9fca760a,1713203031.783499,1713203031.8445742,0.06108,6
store-worker-e773520a-073e-4b2e-8f27-15275cfd8d4e,1713203031.8924308,1713203032.1977968,0.30537,6
store-worker-66e8acb0-574e-4392-a8ab-cdcb9fca760a,1713203041.7775059,1713203041.8362896,0.05878,6
store-worker-e773520a-073e-4b2e-8f27-15275cfd8d4e,1713203041.8764153,1713203041.9879808,0.11157,6
store-worker-66e8acb0-574e-4392-a8ab-cdcb9fca760a,1713203051.780624,1713203051.902699,0.12208,6
store-worker-e773520a-073e-4b2e-8f27-15275cfd8d4e,1713203051.8743253,1713203052.1416378,0.26731,6
store-worker-66e8acb0-574e-4392-a8ab-cdcb9fca760a,1713203061.7740364,1713203061.8920662,0.11803,6
store-worker-e773520a-073e-4b2e-8f27-15275cfd8d4e,1713203061.8721306,1713203062.0557394,0.18361,6
store-worker-66e8acb0-574e-4392-a8ab-cdcb9fca760a,1713203071.786928,1713203071.901036,0.11411,6
store-worker-e773520a-073e-4b2e-8f27-15275cfd8d4e,1713203071.8801987,1713203072.18309,0.30289,6
store-worker-66e8acb0-574e-4392-a8ab-cdcb9fca760a,1713203081.7764153,1713203081.8960268,0.11961,6
store-worker-e773520a-073e-4b2e-8f27-15275cfd8d4e,1713203081.8782165,1713203082.0512404,0.17302,6
store-worker-66e8acb0-574e-4392-a8ab-cdcb9fca760a,1713203091.7810802,1713203091.908506,0.12743,6
store-worker-e773520a-073e-4b2e-8f27-15275cfd8d4e,1713203091.8800664,1713203092.1826608,0.30259,6
store-worker-66e8acb0-574e-4392-a8ab-cdcb9fca760a,1713203101.7705963,1713203101.8803587,0.10976,6
store-worker-e773520a-073e-4b2e-8f27-15275cfd8d4e,1713203101.8785949,1713203102.129452,0.25086,6
store-worker-66e8acb0-574e-4392-a8ab-cdcb9fca760a,1713203111.7802086,1713203111.9028537,0.12265,6
store-worker-e773520a-073e-4b2e-8f27-15275cfd8d4e,1713203111.8760831,1713203112.1152053,0.23912,6
store-worker-e773520a-073e-4b2e-8f27-15275cfd8d4e,1713241163.849658,1713241163.932527,0.08287,6
store-worker-66e8acb0-574e-4392-a8ab-cdcb9fca760a,1713241163.8535826,1713241163.976839,0.12326,6
store-worker-66e8acb0-574e-4392-a8ab-cdcb9fca760a,1713241173.7814054,1713241173.8315284,0.05012,6
store-worker-e773520a-073e-4b2e-8f27-15275cfd8d4e,1713241173.7858486,1713241173.9281046,0.14226,6
store-worker-e773520a-073e-4b2e-8f27-15275cfd8d4e,1713241183.7852783,1713241183.954115,0.16884,6
store-worker-66e8acb0-574e-4392-a8ab-cdcb9fca760a,1713241183.7879887,1713241183.9273047,0.13932,6
store-worker-66e8acb0-574e-4392-a8ab-cdcb9fca760a,1713241193.786719,1713241193.9105904,0.12387,6
store-worker-e773520a-073e-4b2e-8f27-15275cfd8d4e,1713241193.79098,1713241194.0258358,0.23486,6
store-worker-e773520a-073e-4b2e-8f27-15275cfd8d4e,1713241203.7840877,1713241203.8987045,0.11462,6
store-worker-66e8acb0-574e-4392-a8ab-cdcb9fca760a,1713241203.7876658,1713241204.0209875,0.23332,6
store-worker-e773520a-073e-4b2e-8f27-15275cfd8d4e,1713241213.7878513,1713241213.9084523,0.1206,6
store-worker-66e8acb0-574e-4392-a8ab-cdcb9fca760a,1713241213.7921565,1713241213.962377,0.17022,6
store-worker-66e8acb0-574e-4392-a8ab-cdcb9fca760a,1713241223.7837527,1713241223.9060462,0.12229,6
store-worker-e773520a-073e-4b2e-8f27-15275cfd8d4e,1713241223.7872105,1713241224.021679,0.23447,6
store-worker-66e8acb0-574e-4392-a8ab-cdcb9fca760a,1713241233.786073,1713241233.9237523,0.13768,6
store-worker-e773520a-073e-4b2e-8f27-15275cfd8d4e,1713241233.7951763,1713241233.9550147,0.15984,6
store-worker-66e8acb0-574e-4392-a8ab-cdcb9fca760a,1713241243.7874978,1713241243.913662,0.12616,6
store-worker-e773520a-073e-4b2e-8f27-15275cfd8d4e,1713241243.7915673,1713241244.030409,0.23884,6
store-worker-66e8acb0-574e-4392-a8ab-cdcb9fca760a,1713241253.782079,1713241253.8906224,0.10854,6
store-worker-e773520a-073e-4b2e-8f27-15275cfd8d4e,1713241253.7852137,1713241253.962868,0.17765,6
store-worker-66e8acb0-574e-4392-a8ab-cdcb9fca760a,1713241263.7800064,1713241263.8857145,0.10571,6
store-worker-e773520a-073e-4b2e-8f27-15275cfd8d4e,1713241263.7830074,1713241263.957898,0.17489,6
store-worker-66e8acb0-574e-4392-a8ab-cdcb9fca760a,1713241273.7825692,1713241273.930497,0.14793,6
store-worker-e773520a-073e-4b2e-8f27-15275cfd8d4e,1713241273.7861264,1713241273.956249,0.17012,6
store-worker-e773520a-073e-4b2e-8f27-15275cfd8d4e,1713241283.7804556,1713241283.9135847,0.13313,6
store-worker-66e8acb0-574e-4392-a8ab-cdcb9fca760a,1713241293.7811,1713241293.8922412,0.11114,6
store-worker-e773520a-073e-4b2e-8f27-15275cfd8d4e,1713241293.7842612,1713241293.9422252,0.15796,6
store-worker-e773520a-073e-4b2e-8f27-15275cfd8d4e,1713241303.7848532,1713241303.922573,0.13772,6
store-worker-66e8acb0-574e-4392-a8ab-cdcb9fca760a,1713241303.7875514,1713241303.9514945,0.16394,6
store-worker-66e8acb0-574e-4392-a8ab-cdcb9fca760a,1713241313.7909782,1713241313.8782876,0.08731,6
store-worker-e773520a-073e-4b2e-8f27-15275cfd8d4e,1713241313.795203,1713241313.9847107,0.18951,6
store-worker-e773520a-073e-4b2e-8f27-15275cfd8d4e,1713241323.793553,1713241323.8862112,0.09266,6
store-worker-66e8acb0-574e-4392-a8ab-cdcb9fca760a,1713241323.7974203,1713241324.1390607,0.34164,6
store-worker-66e8acb0-574e-4392-a8ab-cdcb9fca760a,1713241333.804902,1713241333.8906887,0.08579,6
store-worker-e773520a-073e-4b2e-8f27-15275cfd8d4e,1713241333.8192215,1713241334.0251591,0.20594,6
store-worker-e773520a-073e-4b2e-8f27-15275cfd8d4e,1713241343.7859194,1713241343.939191,0.15327,6
store-worker-66e8acb0-574e-4392-a8ab-cdcb9fca760a,1713241343.7895072,1713241343.975629,0.18612,6
store-worker-66e8acb0-574e-4392-a8ab-cdcb9fca760a,1713241353.8029537,1713241354.0259547,0.223,6
store-worker-e773520a-073e-4b2e-8f27-15275cfd8d4e,1713241363.794309,1713241363.94042,0.14611,6
store-worker-66e8acb0-574e-4392-a8ab-cdcb9fca760a,1713241363.7991543,1713241364.150461,0.35131,6
store-worker-e773520a-073e-4b2e-8f27-15275cfd8d4e,1713241373.8191414,1713241374.1118531,0.29271,6
store-worker-66e8acb0-574e-4392-a8ab-cdcb9fca760a,1713241373.8331347,1713241374.3828888,0.54975,6
store-worker-66e8acb0-574e-4392-a8ab-cdcb9fca760a,1713241383.7844608,1713241383.8639688,0.07951,6
store-worker-e773520a-073e-4b2e-8f27-15275cfd8d4e,1713241383.7878969,1713241383.8929787,0.10508,6
store-worker-66e8acb0-574e-4392-a8ab-cdcb9fca760a,1713241393.7872078,1713241393.9461162,0.15891,6
store-worker-e773520a-073e-4b2e-8f27-15275cfd8d4e,1713241393.7914398,1713241393.9772656,0.18583,6
store-worker-e773520a-073e-4b2e-8f27-15275cfd8d4e,1713241403.7834165,1713241403.946327,0.16291,6
store-worker-66e8acb0-574e-4392-a8ab-cdcb9fca760a,1713241403.7872314,1713241403.9174051,0.13017,6
store-worker-e773520a-073e-4b2e-8f27-15275cfd8d4e,1713241413.7848387,1713241413.896314,0.11148,6
store-worker-66e8acb0-574e-4392-a8ab-cdcb9fca760a,1713241413.7889135,1713241413.9704947,0.18158,6
store-worker-e773520a-073e-4b2e-8f27-15275cfd8d4e,1713241423.8020697,1713241424.0159316,0.21386,6
store-worker-66e8acb0-574e-4392-a8ab-cdcb9fca760a,1713241423.7951362,1713241423.9666843,0.17155,6
store-worker-e773520a-073e-4b2e-8f27-15275cfd8d4e,1713241433.7867985,1713241433.9503217,0.16352,6
store-worker-66e8acb0-574e-4392-a8ab-cdcb9fca760a,1713241443.7908378,1713241443.8920388,0.1012,6
store-worker-e773520a-073e-4b2e-8f27-15275cfd8d4e,1713241443.7866175,1713241443.92569,0.13907,6
store-worker-66e8acb0-574e-4392-a8ab-cdcb9fca760a,1713241453.7845516,1713241453.936916,0.15236,6
store-worker-e773520a-073e-4b2e-8f27-15275cfd8d4e,1713241453.7879074,1713241453.9606593,0.17275,6
store-worker-66e8acb0-574e-4392-a8ab-cdcb9fca760a,1713241463.7846134,1713241463.9352572,0.15064,6
store-worker-e773520a-073e-4b2e-8f27-15275cfd8d4e,1713241463.7883756,1713241463.9662035,0.17783,6
