name,status-code,payload-size-bytes,processing-time-seconds,elapsed-time-seconds,action-time-start,action-time-end,action-total-seconds,worker,cycle
sending-info-to-central,200,435,0.22437834739685059,0.150502,1713198197.124472,1713198197.3488503,0.22438,66e8acb0-574e-4392-a8ab-cdcb9fca760a,1
sending-info-to-central,200,435,0.31517934799194336,0.2924,1713198207.1250618,1713198207.440241,0.31518,66e8acb0-574e-4392-a8ab-cdcb9fca760a,1
sending-info-to-central,200,435,1.8191511631011963,1.80754,1713198217.1242871,1713198218.9434383,1.81915,66e8acb0-574e-4392-a8ab-cdcb9fca760a,1
sending-info-to-central,200,435,0.26099443435668945,0.245865,1713198227.124427,1713198227.3854215,0.26099,66e8acb0-574e-4392-a8ab-cdcb9fca760a,1
sending-info-to-central,200,435,0.2724893093109131,0.256957,1713198237.1245449,1713198237.3970342,0.27249,66e8acb0-574e-4392-a8ab-cdcb9fca760a,1
sending-info-to-central,200,435,0.2889266014099121,0.267778,1713198247.1242359,1713198247.4131625,0.28893,66e8acb0-574e-4392-a8ab-cdcb9fca760a,1
sending-info-to-central,200,435,0.2712831497192383,0.254253,1713198257.1245418,1713198257.395825,0.27128,66e8acb0-574e-4392-a8ab-cdcb9fca760a,1
sending-info-to-central,200,435,0.3580925464630127,0.337424,1713198267.1245694,1713198267.482662,0.35809,66e8acb0-574e-4392-a8ab-cdcb9fca760a,1
sending-info-to-central,200,435,0.5693774223327637,0.548277,1713198277.1243834,1713198277.6937609,0.56938,66e8acb0-574e-4392-a8ab-cdcb9fca760a,1
sending-info-to-central,200,435,1.39396333694458,1.374859,1713198287.1241515,1713198288.5181148,1.39396,66e8acb0-574e-4392-a8ab-cdcb9fca760a,1
sending-info-to-central,200,435,0.330859899520874,0.306963,1713198297.1248276,1713198297.4556875,0.33086,66e8acb0-574e-4392-a8ab-cdcb9fca760a,1
sending-info-to-central,200,435,0.4547872543334961,0.438706,1713198307.124197,1713198307.5789843,0.45479,66e8acb0-574e-4392-a8ab-cdcb9fca760a,1
sending-info-to-central,200,435,0.8609774112701416,0.844779,1713198317.1242352,1713198317.9852126,0.86098,66e8acb0-574e-4392-a8ab-cdcb9fca760a,1
sending-info-to-central,200,435,0.2742886543273926,0.254622,1713198327.1252606,1713198327.3995492,0.27429,66e8acb0-574e-4392-a8ab-cdcb9fca760a,1
sending-info-to-central,200,435,0.27188777923583984,0.255685,1713198337.1244292,1713198337.396317,0.27189,66e8acb0-574e-4392-a8ab-cdcb9fca760a,1
sending-info-to-central,200,435,0.3112819194793701,0.29607,1713198347.1242127,1713198347.4354947,0.31128,66e8acb0-574e-4392-a8ab-cdcb9fca760a,1
sending-info-to-central,200,435,0.33742809295654297,0.322891,1713198357.1245584,1713198357.4619865,0.33743,66e8acb0-574e-4392-a8ab-cdcb9fca760a,1
sending-info-to-central,200,435,0.29748034477233887,0.282751,1713198367.1241639,1713198367.4216442,0.29748,66e8acb0-574e-4392-a8ab-cdcb9fca760a,1
sending-info-to-central,200,436,0.31131696701049805,0.294228,1713198377.1238859,1713198377.4352028,0.31132,66e8acb0-574e-4392-a8ab-cdcb9fca760a,1
sending-info-to-central,200,436,1.5494909286499023,1.35884,1713198387.1242023,1713198388.6736932,1.54949,66e8acb0-574e-4392-a8ab-cdcb9fca760a,1
sending-info-to-central,200,448,0.30484914779663086,0.284948,1713198397.1243377,1713198397.4291868,0.30485,66e8acb0-574e-4392-a8ab-cdcb9fca760a,1
sending-info-to-central,200,448,0.24574613571166992,0.230184,1713198407.124241,1713198407.3699872,0.24575,66e8acb0-574e-4392-a8ab-cdcb9fca760a,1
sending-info-to-central,200,448,0.26659250259399414,0.250361,1713198417.1244824,1713198417.391075,0.26659,66e8acb0-574e-4392-a8ab-cdcb9fca760a,1
sending-info-to-central,200,448,0.27947306632995605,0.259392,1713198427.1244392,1713198427.4039123,0.27947,66e8acb0-574e-4392-a8ab-cdcb9fca760a,1
sending-info-to-central,200,448,0.3234577178955078,0.307154,1713198437.1242747,1713198437.4477324,0.32346,66e8acb0-574e-4392-a8ab-cdcb9fca760a,1
sending-info-to-central,200,448,0.38657212257385254,0.366117,1713198447.1245544,1713198447.5111265,0.38657,66e8acb0-574e-4392-a8ab-cdcb9fca760a,1
sending-info-to-central,200,448,0.2565031051635742,0.23103,1713198457.124737,1713198457.3812401,0.2565,66e8acb0-574e-4392-a8ab-cdcb9fca760a,1
sending-info-to-central,200,448,0.261777400970459,0.215181,1713198467.1470008,1713198467.4087782,0.26178,66e8acb0-574e-4392-a8ab-cdcb9fca760a,1
sending-info-to-central,200,448,0.5110177993774414,0.440248,1713198477.1448696,1713198477.6558874,0.51102,66e8acb0-574e-4392-a8ab-cdcb9fca760a,1
sending-info-to-central,200,448,0.39327526092529297,0.358144,1713198487.1443663,1713198487.5376415,0.39328,66e8acb0-574e-4392-a8ab-cdcb9fca760a,1
sending-info-to-central,200,448,0.50199294090271,0.472819,1713198497.1247633,1713198497.6267562,0.50199,66e8acb0-574e-4392-a8ab-cdcb9fca760a,1
sending-info-to-central,200,448,0.2818329334259033,0.230063,1713198507.140411,1713198507.4222438,0.28183,66e8acb0-574e-4392-a8ab-cdcb9fca760a,1
sending-info-to-central,200,447,0.20702648162841797,0.19101,1713198517.1241066,1713198517.3311331,0.20703,66e8acb0-574e-4392-a8ab-cdcb9fca760a,1
sending-info-to-central,200,447,0.2847912311553955,0.26903,1713198527.1243305,1713198527.4091218,0.28479,66e8acb0-574e-4392-a8ab-cdcb9fca760a,1
sending-update-to-central,200,314,0.471118688583374,0.381166,1713198527.1265063,1713198527.597625,0.47112,66e8acb0-574e-4392-a8ab-cdcb9fca760a,1
sending-info-to-central,200,447,0.2824892997741699,0.265335,1713198537.1245935,1713198537.4070828,0.28249,66e8acb0-574e-4392-a8ab-cdcb9fca760a,1
sending-info-to-central,200,447,0.31554460525512695,0.296191,1713198547.1243384,1713198547.439883,0.31554,66e8acb0-574e-4392-a8ab-cdcb9fca760a,1
sending-info-to-central,200,447,0.3663630485534668,0.344963,1713198557.1242542,1713198557.4906173,0.36636,66e8acb0-574e-4392-a8ab-cdcb9fca760a,1
sending-info-to-central,200,447,0.30205249786376953,0.278093,1713198567.125128,1713198567.4271805,0.30205,66e8acb0-574e-4392-a8ab-cdcb9fca760a,1
sending-info-to-central,200,447,0.2902371883392334,0.233224,1713198577.124418,1713198577.4146552,0.29024,66e8acb0-574e-4392-a8ab-cdcb9fca760a,2
sending-info-to-central,200,450,0.24826908111572266,0.233616,1713198587.1243668,1713198587.3726358,0.24827,66e8acb0-574e-4392-a8ab-cdcb9fca760a,2
sending-info-to-central,200,450,0.24878978729248047,0.230084,1713198597.1242163,1713198597.373006,0.24879,66e8acb0-574e-4392-a8ab-cdcb9fca760a,2
sending-info-to-central,200,450,0.25658488273620605,0.238626,1713198607.1244004,1713198607.3809853,0.25658,66e8acb0-574e-4392-a8ab-cdcb9fca760a,2
sending-info-to-central,200,450,0.3656144142150879,0.350345,1713198617.1249368,1713198617.4905512,0.36561,66e8acb0-574e-4392-a8ab-cdcb9fca760a,2
sending-info-to-central,200,450,0.26963257789611816,0.254716,1713198627.1245716,1713198627.3942041,0.26963,66e8acb0-574e-4392-a8ab-cdcb9fca760a,2
sending-info-to-central,200,450,0.19819283485412598,0.180846,1713198637.124163,1713198637.3223557,0.19819,66e8acb0-574e-4392-a8ab-cdcb9fca760a,2
sending-info-to-central,200,450,0.29546499252319336,0.278178,1713198647.1243687,1713198647.4198337,0.29546,66e8acb0-574e-4392-a8ab-cdcb9fca760a,2
sending-info-to-central,200,449,1.1518757343292236,1.133669,1713198657.1247506,1713198658.2766263,1.15188,66e8acb0-574e-4392-a8ab-cdcb9fca760a,2
sending-info-to-central,200,448,0.259662389755249,0.240825,1713198667.1241746,1713198667.383837,0.25966,66e8acb0-574e-4392-a8ab-cdcb9fca760a,2
sending-info-to-central,200,448,0.24890494346618652,0.233369,1713198677.1241946,1713198677.3730996,0.2489,66e8acb0-574e-4392-a8ab-cdcb9fca760a,2
sending-info-to-central,200,448,0.2907888889312744,0.275974,1713198687.1249664,1713198687.4157553,0.29079,66e8acb0-574e-4392-a8ab-cdcb9fca760a,2
sending-info-to-central,200,448,0.2320244312286377,0.206226,1713198697.1353848,1713198697.3674092,0.23202,66e8acb0-574e-4392-a8ab-cdcb9fca760a,2
sending-info-to-central,200,448,0.265700101852417,0.202691,1713198707.1449316,1713198707.4106317,0.2657,66e8acb0-574e-4392-a8ab-cdcb9fca760a,2
sending-info-to-central,200,448,0.31459903717041016,0.254535,1713198717.1975234,1713198717.5121224,0.3146,66e8acb0-574e-4392-a8ab-cdcb9fca760a,2
sending-info-to-central,200,448,0.2803304195404053,0.219898,1713198727.1446226,1713198727.424953,0.28033,66e8acb0-574e-4392-a8ab-cdcb9fca760a,2
sending-info-to-central,200,448,0.232696533203125,0.199478,1713198737.1355648,1713198737.3682613,0.2327,66e8acb0-574e-4392-a8ab-cdcb9fca760a,2
sending-info-to-central,200,448,0.33454322814941406,0.308135,1713198747.1264555,1713198747.4609988,0.33454,66e8acb0-574e-4392-a8ab-cdcb9fca760a,2
sending-info-to-central,200,447,0.22125697135925293,0.206661,1713198757.124269,1713198757.345526,0.22126,66e8acb0-574e-4392-a8ab-cdcb9fca760a,2
sending-info-to-central,200,447,0.24184823036193848,0.22523,1713198767.1241872,1713198767.3660355,0.24185,66e8acb0-574e-4392-a8ab-cdcb9fca760a,2
sending-update-to-central,200,310,0.5249581336975098,0.43634,1713198767.1264904,1713198767.6514485,0.52496,66e8acb0-574e-4392-a8ab-cdcb9fca760a,2
sending-info-to-central,200,447,0.28570055961608887,0.20764,1713198777.1245499,1713198777.4102504,0.2857,66e8acb0-574e-4392-a8ab-cdcb9fca760a,3
sending-info-to-central,200,450,0.25014352798461914,0.234927,1713198787.1243215,1713198787.374465,0.25014,66e8acb0-574e-4392-a8ab-cdcb9fca760a,3
sending-info-to-central,200,450,0.24127936363220215,0.226551,1713198797.124204,1713198797.3654833,0.24128,66e8acb0-574e-4392-a8ab-cdcb9fca760a,3
sending-info-to-central,200,450,0.3412935733795166,0.326086,1713198807.1242895,1713198807.465583,0.34129,66e8acb0-574e-4392-a8ab-cdcb9fca760a,3
sending-info-to-central,200,450,0.279038667678833,0.260517,1713198817.1242142,1713198817.4032528,0.27904,66e8acb0-574e-4392-a8ab-cdcb9fca760a,3
sending-info-to-central,200,450,0.26140737533569336,0.246475,1713198827.124483,1713198827.3858905,0.26141,66e8acb0-574e-4392-a8ab-cdcb9fca760a,3
sending-info-to-central,200,450,0.3324003219604492,0.313093,1713198837.1247282,1713198837.4571285,0.3324,66e8acb0-574e-4392-a8ab-cdcb9fca760a,3
sending-info-to-central,200,450,0.2852516174316406,0.263974,1713198847.1244042,1713198847.4096558,0.28525,66e8acb0-574e-4392-a8ab-cdcb9fca760a,3
sending-info-to-central,200,449,0.3240394592285156,0.253692,1713198857.1243558,1713198857.4483953,0.32404,66e8acb0-574e-4392-a8ab-cdcb9fca760a,3
sending-info-to-central,200,449,1.773024559020996,1.728401,1713198867.125008,1713198868.8980327,1.77302,66e8acb0-574e-4392-a8ab-cdcb9fca760a,3
sending-info-to-central,200,448,0.2592504024505615,0.245377,1713198877.1243699,1713198877.3836203,0.25925,66e8acb0-574e-4392-a8ab-cdcb9fca760a,3
sending-info-to-central,200,448,0.27364182472229004,0.254549,1713198887.1243243,1713198887.3979661,0.27364,66e8acb0-574e-4392-a8ab-cdcb9fca760a,3
sending-info-to-central,200,448,0.24848031997680664,0.23291,1713198897.1245255,1713198897.3730059,0.24848,66e8acb0-574e-4392-a8ab-cdcb9fca760a,3
sending-info-to-central,200,448,0.26560163497924805,0.246679,1713198907.1243577,1713198907.3899593,0.2656,66e8acb0-574e-4392-a8ab-cdcb9fca760a,3
sending-info-to-central,200,448,0.25252532958984375,0.237043,1713198917.1244442,1713198917.3769696,0.25253,66e8acb0-574e-4392-a8ab-cdcb9fca760a,3
sending-info-to-central,200,448,0.2639353275299072,0.243649,1713198927.1242049,1713198927.3881402,0.26394,66e8acb0-574e-4392-a8ab-cdcb9fca760a,3
sending-info-to-central,200,448,0.37959718704223633,0.310912,1713198937.1496727,1713198937.52927,0.3796,66e8acb0-574e-4392-a8ab-cdcb9fca760a,3
sending-info-to-central,200,448,0.4807157516479492,0.424261,1713198947.1481519,1713198947.6288676,0.48072,66e8acb0-574e-4392-a8ab-cdcb9fca760a,3
sending-info-to-central,200,448,0.38448572158813477,0.345056,1713198957.1253283,1713198957.509814,0.38449,66e8acb0-574e-4392-a8ab-cdcb9fca760a,3
sending-info-to-central,200,448,0.23405241966247559,0.210824,1713198967.1243725,1713198967.358425,0.23405,66e8acb0-574e-4392-a8ab-cdcb9fca760a,3
sending-info-to-central,200,448,0.3160736560821533,0.240665,1713198977.154943,1713198977.4710166,0.31607,66e8acb0-574e-4392-a8ab-cdcb9fca760a,3
sending-info-to-central,200,448,0.2599179744720459,0.202172,1713198987.140346,1713198987.400264,0.25992,66e8acb0-574e-4392-a8ab-cdcb9fca760a,3
sending-info-to-central,200,447,0.19492697715759277,0.177417,1713198997.1241646,1713198997.3190916,0.19493,66e8acb0-574e-4392-a8ab-cdcb9fca760a,3
sending-info-to-central,200,447,0.5053801536560059,0.4839,1713199007.124313,1713199007.6296933,0.50538,66e8acb0-574e-4392-a8ab-cdcb9fca760a,3
sending-update-to-central,200,310,1.0191092491149902,0.884812,1713199007.1272666,1713199008.146376,1.01911,66e8acb0-574e-4392-a8ab-cdcb9fca760a,3
sending-info-to-central,200,447,0.26016855239868164,0.241758,1713199017.1249452,1713199017.3851137,0.26017,66e8acb0-574e-4392-a8ab-cdcb9fca760a,3
sending-info-to-central,200,447,0.28490757942199707,0.220106,1713199027.1245434,1713199027.409451,0.28491,66e8acb0-574e-4392-a8ab-cdcb9fca760a,4
sending-info-to-central,200,450,0.26812243461608887,0.253356,1713199037.1243496,1713199037.392472,0.26812,66e8acb0-574e-4392-a8ab-cdcb9fca760a,4
sending-info-to-central,200,450,0.2673909664154053,0.248083,1713199047.1252232,1713199047.3926141,0.26739,66e8acb0-574e-4392-a8ab-cdcb9fca760a,4
sending-info-to-central,200,450,0.3130159378051758,0.298227,1713199057.1244648,1713199057.4374807,0.31302,66e8acb0-574e-4392-a8ab-cdcb9fca760a,4
sending-info-to-central,200,450,0.21344709396362305,0.199339,1713199067.1244473,1713199067.3378944,0.21345,66e8acb0-574e-4392-a8ab-cdcb9fca760a,4
sending-info-to-central,200,450,0.29466772079467773,0.277404,1713199077.1245673,1713199077.419235,0.29467,66e8acb0-574e-4392-a8ab-cdcb9fca760a,4
sending-info-to-central,200,450,0.27039623260498047,0.252668,1713199087.1243558,1713199087.394752,0.2704,66e8acb0-574e-4392-a8ab-cdcb9fca760a,4
sending-info-to-central,200,449,0.2577660083770752,0.238344,1713199097.1241703,1713199097.3819363,0.25777,66e8acb0-574e-4392-a8ab-cdcb9fca760a,4
sending-info-to-central,200,449,1.6150870323181152,1.581989,1713199107.124975,1713199108.740062,1.61509,66e8acb0-574e-4392-a8ab-cdcb9fca760a,4
sending-info-to-central,200,448,0.22420811653137207,0.199761,1713199117.1243007,1713199117.3485088,0.22421,66e8acb0-574e-4392-a8ab-cdcb9fca760a,4
sending-info-to-central,200,448,0.29570627212524414,0.27896,1713199127.1244478,1713199127.420154,0.29571,66e8acb0-574e-4392-a8ab-cdcb9fca760a,4
sending-info-to-central,200,448,0.26122188568115234,0.242131,1713199137.1247315,1713199137.3859534,0.26122,66e8acb0-574e-4392-a8ab-cdcb9fca760a,4
sending-info-to-central,200,448,0.3327338695526123,0.316679,1713199147.1245768,1713199147.4573107,0.33273,66e8acb0-574e-4392-a8ab-cdcb9fca760a,4
sending-info-to-central,200,448,0.2699165344238281,0.250023,1713199157.1243942,1713199157.3943107,0.26992,66e8acb0-574e-4392-a8ab-cdcb9fca760a,4
sending-info-to-central,200,448,0.31344056129455566,0.294107,1713199167.1246383,1713199167.4380789,0.31344,66e8acb0-574e-4392-a8ab-cdcb9fca760a,4
sending-info-to-central,200,448,0.5173871517181396,0.490322,1713199177.1244504,1713199177.6418376,0.51739,66e8acb0-574e-4392-a8ab-cdcb9fca760a,4
sending-info-to-central,200,448,0.3590261936187744,0.297201,1713199187.30682,1713199187.665846,0.35903,66e8acb0-574e-4392-a8ab-cdcb9fca760a,4
sending-info-to-central,200,448,0.31422877311706543,0.228124,1713199197.1613822,1713199197.475611,0.31423,66e8acb0-574e-4392-a8ab-cdcb9fca760a,4
sending-info-to-central,200,448,0.264801025390625,0.224057,1713199207.3080418,1713199207.5728428,0.2648,66e8acb0-574e-4392-a8ab-cdcb9fca760a,4
sending-info-to-central,200,448,0.2366924285888672,0.206548,1713199217.124198,1713199217.3608904,0.23669,66e8acb0-574e-4392-a8ab-cdcb9fca760a,4
sending-info-to-central,200,448,0.3581984043121338,0.307091,1713199227.14068,1713199227.4988785,0.3582,66e8acb0-574e-4392-a8ab-cdcb9fca760a,4
sending-info-to-central,200,448,0.3143758773803711,0.278259,1713199237.1275911,1713199237.441967,0.31438,66e8acb0-574e-4392-a8ab-cdcb9fca760a,4
sending-info-to-central,200,447,0.26262927055358887,0.250033,1713199247.1244793,1713199247.3871086,0.26263,66e8acb0-574e-4392-a8ab-cdcb9fca760a,4
sending-update-to-central,200,312,0.5163202285766602,0.430067,1713199247.1261938,1713199247.642514,0.51632,66e8acb0-574e-4392-a8ab-cdcb9fca760a,4
sending-info-to-central,200,447,0.2744476795196533,0.256224,1713199257.124213,1713199257.3986607,0.27445,66e8acb0-574e-4392-a8ab-cdcb9fca760a,4
sending-info-to-central,200,447,0.23906803131103516,0.219803,1713199267.1242757,1713199267.3633437,0.23907,66e8acb0-574e-4392-a8ab-cdcb9fca760a,4
sending-info-to-central,200,447,0.29464030265808105,0.27563,1713199277.124426,1713199277.4190662,0.29464,66e8acb0-574e-4392-a8ab-cdcb9fca760a,4
sending-info-to-central,200,447,0.29180192947387695,0.26793,1713199287.124241,1713199287.416043,0.2918,66e8acb0-574e-4392-a8ab-cdcb9fca760a,4
sending-info-to-central,200,447,0.36629557609558105,0.349102,1713199297.1243567,1713199297.4906523,0.3663,66e8acb0-574e-4392-a8ab-cdcb9fca760a,4
sending-info-to-central,200,447,0.23232197761535645,0.215527,1713199307.1244278,1713199307.3567498,0.23232,66e8acb0-574e-4392-a8ab-cdcb9fca760a,4
sending-info-to-central,200,447,0.2576413154602051,0.242239,1713199317.1245198,1713199317.3821611,0.25764,66e8acb0-574e-4392-a8ab-cdcb9fca760a,4
sending-info-to-central,200,447,0.2559986114501953,0.209045,1713199327.1243281,1713199327.3803267,0.256,66e8acb0-574e-4392-a8ab-cdcb9fca760a,5
sending-info-to-central,200,450,0.3524746894836426,0.337201,1713199337.1248546,1713199337.4773293,0.35247,66e8acb0-574e-4392-a8ab-cdcb9fca760a,5
sending-info-to-central,200,450,0.3176743984222412,0.298337,1713199347.124559,1713199347.4422333,0.31767,66e8acb0-574e-4392-a8ab-cdcb9fca760a,5
sending-info-to-central,200,450,0.21585869789123535,0.200965,1713199357.1244352,1713199357.340294,0.21586,66e8acb0-574e-4392-a8ab-cdcb9fca760a,5
sending-info-to-central,200,450,0.2567312717437744,0.238757,1713199367.1244032,1713199367.3811345,0.25673,66e8acb0-574e-4392-a8ab-cdcb9fca760a,5
sending-info-to-central,200,449,1.8020038604736328,1.771798,1713199377.1245005,1713199378.9265044,1.802,66e8acb0-574e-4392-a8ab-cdcb9fca760a,5
sending-info-to-central,200,448,0.26998400688171387,0.252155,1713199387.1243484,1713199387.3943324,0.26998,66e8acb0-574e-4392-a8ab-cdcb9fca760a,5
sending-info-to-central,200,448,0.2082078456878662,0.194012,1713199397.1243417,1713199397.3325496,0.20821,66e8acb0-574e-4392-a8ab-cdcb9fca760a,5
sending-info-to-central,200,448,0.3152046203613281,0.296174,1713199407.1241612,1713199407.4393659,0.3152,66e8acb0-574e-4392-a8ab-cdcb9fca760a,5
sending-info-to-central,200,448,0.2893810272216797,0.2067,1713199417.4814544,1713199417.7708354,0.28938,66e8acb0-574e-4392-a8ab-cdcb9fca760a,5
sending-info-to-central,200,448,0.30179762840270996,0.229412,1713199427.149845,1713199427.4516425,0.3018,66e8acb0-574e-4392-a8ab-cdcb9fca760a,5
sending-info-to-central,200,448,0.3374149799346924,0.300662,1713199437.149581,1713199437.486996,0.33741,66e8acb0-574e-4392-a8ab-cdcb9fca760a,5
sending-info-to-central,200,448,0.3736879825592041,0.31152,1713199447.3823414,1713199447.7560294,0.37369,66e8acb0-574e-4392-a8ab-cdcb9fca760a,5
sending-info-to-central,200,448,0.34450483322143555,0.310281,1713199457.1243997,1713199457.4689045,0.3445,66e8acb0-574e-4392-a8ab-cdcb9fca760a,5
sending-info-to-central,200,448,0.2319784164428711,0.20857,1713199467.1277049,1713199467.3596833,0.23198,66e8acb0-574e-4392-a8ab-cdcb9fca760a,5
sending-info-to-central,200,447,0.21891427040100098,0.200399,1713199477.1243324,1713199477.3432467,0.21891,66e8acb0-574e-4392-a8ab-cdcb9fca760a,5
sending-info-to-central,200,447,0.5122053623199463,0.494571,1713199487.124367,1713199487.6365724,0.51221,66e8acb0-574e-4392-a8ab-cdcb9fca760a,5
sending-update-to-central,200,309,0.6839869022369385,0.581535,1713199487.1274414,1713199487.8114283,0.68399,66e8acb0-574e-4392-a8ab-cdcb9fca760a,5
sending-info-to-central,200,447,0.24039793014526367,0.224179,1713199497.1245294,1713199497.3649273,0.2404,66e8acb0-574e-4392-a8ab-cdcb9fca760a,5
sending-info-to-central,200,447,0.39015817642211914,0.367802,1713199507.1241095,1713199507.5142677,0.39016,66e8acb0-574e-4392-a8ab-cdcb9fca760a,5
sending-info-to-central,200,447,0.6636388301849365,0.643874,1713199517.1241791,1713199517.787818,0.66364,66e8acb0-574e-4392-a8ab-cdcb9fca760a,5
sending-info-to-central,200,447,0.3093452453613281,0.21766,1713199527.1240628,1713199527.433408,0.30935,66e8acb0-574e-4392-a8ab-cdcb9fca760a,6
sending-info-to-central,200,448,0.2181847095489502,0.200138,1713199537.124352,1713199537.3425367,0.21818,66e8acb0-574e-4392-a8ab-cdcb9fca760a,6
sending-info-to-central,200,448,0.41212034225463867,0.39457,1713199547.1241848,1713199547.5363052,0.41212,66e8acb0-574e-4392-a8ab-cdcb9fca760a,6
sending-info-to-central,200,448,0.2753791809082031,0.258548,1713199557.1245725,1713199557.3999517,0.27538,66e8acb0-574e-4392-a8ab-cdcb9fca760a,6
sending-info-to-central,200,448,0.30301427841186523,0.287014,1713199567.1243212,1713199567.4273355,0.30301,66e8acb0-574e-4392-a8ab-cdcb9fca760a,6
sending-info-to-central,200,448,0.2391679286956787,0.224394,1713199577.124185,1713199577.363353,0.23917,66e8acb0-574e-4392-a8ab-cdcb9fca760a,6
sending-info-to-central,200,448,0.24419879913330078,0.229305,1713199587.1244102,1713199587.368609,0.2442,66e8acb0-574e-4392-a8ab-cdcb9fca760a,6
sending-info-to-central,200,448,0.30954861640930176,0.288243,1713199597.124446,1713199597.4339945,0.30955,66e8acb0-574e-4392-a8ab-cdcb9fca760a,6
sending-info-to-central,200,448,0.26739001274108887,0.24646,1713199607.1242678,1713199607.3916578,0.26739,66e8acb0-574e-4392-a8ab-cdcb9fca760a,6
sending-info-to-central,200,448,0.3297426700592041,0.30697,1713199617.124363,1713199617.4541056,0.32974,66e8acb0-574e-4392-a8ab-cdcb9fca760a,6
sending-info-to-central,200,448,0.3418080806732178,0.319809,1713199627.124394,1713199627.466202,0.34181,66e8acb0-574e-4392-a8ab-cdcb9fca760a,6
sending-info-to-central,200,448,0.2727363109588623,0.255716,1713199637.1245754,1713199637.3973117,0.27274,66e8acb0-574e-4392-a8ab-cdcb9fca760a,6
sending-info-to-central,200,448,0.3549065589904785,0.329824,1713199647.1251307,1713199647.4800372,0.35491,66e8acb0-574e-4392-a8ab-cdcb9fca760a,6
sending-info-to-central,200,448,0.3162238597869873,0.293424,1713199657.124389,1713199657.4406128,0.31622,66e8acb0-574e-4392-a8ab-cdcb9fca760a,6
sending-info-to-central,200,448,0.26596808433532715,0.249019,1713199667.1244633,1713199667.3904314,0.26597,66e8acb0-574e-4392-a8ab-cdcb9fca760a,6
sending-info-to-central,200,448,0.3495345115661621,0.333214,1713199677.1248753,1713199677.4744098,0.34953,66e8acb0-574e-4392-a8ab-cdcb9fca760a,6
sending-info-to-central,200,448,0.47857069969177246,0.461658,1713199687.124497,1713199687.6030676,0.47857,66e8acb0-574e-4392-a8ab-cdcb9fca760a,6
sending-info-to-central,200,448,0.3411238193511963,0.326556,1713199697.124377,1713199697.4655008,0.34112,66e8acb0-574e-4392-a8ab-cdcb9fca760a,6
sending-info-to-central,200,448,0.30257678031921387,0.285929,1713199707.1244702,1713199707.427047,0.30258,66e8acb0-574e-4392-a8ab-cdcb9fca760a,6
sending-info-to-central,200,448,0.2969970703125,0.27996,1713199717.1243005,1713199717.4212976,0.297,66e8acb0-574e-4392-a8ab-cdcb9fca760a,6
sending-info-to-central,200,448,0.1629650592803955,0.146348,1713200761.7545612,1713200761.9175262,0.16297,66e8acb0-574e-4392-a8ab-cdcb9fca760a,6
sending-info-to-central,200,448,0.3781776428222656,0.355726,1713200771.754373,1713200772.1325507,0.37818,66e8acb0-574e-4392-a8ab-cdcb9fca760a,6
sending-info-to-central,200,448,0.47484827041625977,0.453821,1713200781.7548149,1713200782.2296631,0.47485,66e8acb0-574e-4392-a8ab-cdcb9fca760a,6
sending-info-to-central,200,448,0.6336073875427246,0.615061,1713200791.7546885,1713200792.388296,0.63361,66e8acb0-574e-4392-a8ab-cdcb9fca760a,6
sending-info-to-central,200,448,0.22486400604248047,0.207484,1713200801.7544293,1713200801.9792933,0.22486,66e8acb0-574e-4392-a8ab-cdcb9fca760a,6
sending-info-to-central,200,448,0.5320532321929932,0.513292,1713200811.7546155,1713200812.2866688,0.53205,66e8acb0-574e-4392-a8ab-cdcb9fca760a,6
sending-info-to-central,200,448,0.49755001068115234,0.47476,1713200821.7541595,1713200822.2517095,0.49755,66e8acb0-574e-4392-a8ab-cdcb9fca760a,6
sending-info-to-central,200,448,0.5170557498931885,0.493454,1713200831.7545602,1713200832.271616,0.51706,66e8acb0-574e-4392-a8ab-cdcb9fca760a,6
sending-info-to-central,200,448,0.36606359481811523,0.349186,1713200841.7545989,1713200842.1206625,0.36606,66e8acb0-574e-4392-a8ab-cdcb9fca760a,6
sending-info-to-central,200,448,0.3496127128601074,0.333918,1713200851.7544413,1713200852.104054,0.34961,66e8acb0-574e-4392-a8ab-cdcb9fca760a,6
sending-info-to-central,200,448,0.6528675556182861,0.627384,1713200861.7546637,1713200862.4075313,0.65287,66e8acb0-574e-4392-a8ab-cdcb9fca760a,6
sending-info-to-central,200,448,0.36072373390197754,0.339093,1713200871.7555935,1713200872.1163173,0.36072,66e8acb0-574e-4392-a8ab-cdcb9fca760a,6
sending-info-to-central,200,448,0.3862497806549072,0.363865,1713200881.754848,1713200882.1410978,0.38625,66e8acb0-574e-4392-a8ab-cdcb9fca760a,6
sending-info-to-central,200,448,0.32907867431640625,0.313534,1713200891.754389,1713200892.0834677,0.32908,66e8acb0-574e-4392-a8ab-cdcb9fca760a,6
sending-info-to-central,200,448,0.7963087558746338,0.778069,1713200901.7546542,1713200902.550963,0.79631,66e8acb0-574e-4392-a8ab-cdcb9fca760a,6
sending-info-to-central,200,448,0.29717063903808594,0.276498,1713200911.7546396,1713200912.0518103,0.29717,66e8acb0-574e-4392-a8ab-cdcb9fca760a,6
sending-info-to-central,200,448,0.27545928955078125,0.258002,1713200921.7541614,1713200922.0296206,0.27546,66e8acb0-574e-4392-a8ab-cdcb9fca760a,6
sending-info-to-central,200,448,0.5905089378356934,0.568533,1713200931.7544522,1713200932.3449612,0.59051,66e8acb0-574e-4392-a8ab-cdcb9fca760a,6
sending-info-to-central,200,448,0.33791613578796387,0.320737,1713200941.7543895,1713200942.0923057,0.33792,66e8acb0-574e-4392-a8ab-cdcb9fca760a,6
sending-info-to-central,200,448,0.545020580291748,0.525584,1713200951.7544317,1713200952.2994523,0.54502,66e8acb0-574e-4392-a8ab-cdcb9fca760a,6
sending-info-to-central,200,448,0.3616921901702881,0.343394,1713200961.7545407,1713200962.1162329,0.36169,66e8acb0-574e-4392-a8ab-cdcb9fca760a,6
sending-info-to-central,200,448,0.24798107147216797,0.229693,1713200971.754429,1713200972.0024102,0.24798,66e8acb0-574e-4392-a8ab-cdcb9fca760a,6
sending-info-to-central,200,448,0.37586402893066406,0.362092,1713200981.7541013,1713200982.1299653,0.37586,66e8acb0-574e-4392-a8ab-cdcb9fca760a,6
sending-info-to-central,200,448,2.6127617359161377,2.601064,1713200991.7541263,1713200994.366888,2.61276,66e8acb0-574e-4392-a8ab-cdcb9fca760a,6
sending-info-to-central,200,436,0.29886841773986816,0.221222,1713198197.1481707,1713198197.4470391,0.29887,e773520a-073e-4b2e-8f27-15275cfd8d4e,1
sending-info-to-central,200,436,0.34845852851867676,0.325864,1713198207.148615,1713198207.4970734,0.34846,e773520a-073e-4b2e-8f27-15275cfd8d4e,1
sending-info-to-central,200,436,1.9291298389434814,1.917393,1713198217.1478136,1713198219.0769434,1.92913,e773520a-073e-4b2e-8f27-15275cfd8d4e,1
sending-info-to-central,200,436,0.2746121883392334,0.259629,1713198227.148398,1713198227.42301,0.27461,e773520a-073e-4b2e-8f27-15275cfd8d4e,1
sending-info-to-central,200,436,0.28928613662719727,0.270623,1713198237.1485412,1713198237.4378273,0.28929,e773520a-073e-4b2e-8f27-15275cfd8d4e,1
sending-info-to-central,200,436,0.31645822525024414,0.298239,1713198247.148397,1713198247.4648552,0.31646,e773520a-073e-4b2e-8f27-15275cfd8d4e,1
sending-info-to-central,200,436,0.30474281311035156,0.285891,1713198257.1482568,1713198257.4529996,0.30474,e773520a-073e-4b2e-8f27-15275cfd8d4e,1
sending-info-to-central,200,436,0.2870066165924072,0.268787,1713198267.1486235,1713198267.43563,0.28701,e773520a-073e-4b2e-8f27-15275cfd8d4e,1
sending-info-to-central,200,436,0.6485426425933838,0.630825,1713198277.1481814,1713198277.796724,0.64854,e773520a-073e-4b2e-8f27-15275cfd8d4e,1
sending-info-to-central,200,436,1.0371334552764893,1.018233,1713198287.148253,1713198288.1853864,1.03713,e773520a-073e-4b2e-8f27-15275cfd8d4e,1
sending-info-to-central,200,436,0.3565394878387451,0.335533,1713198297.1485918,1713198297.5051312,0.35654,e773520a-073e-4b2e-8f27-15275cfd8d4e,1
sending-info-to-central,200,436,0.5279896259307861,0.511485,1713198307.148456,1713198307.6764457,0.52799,e773520a-073e-4b2e-8f27-15275cfd8d4e,1
sending-info-to-central,200,436,0.985511302947998,0.968246,1713198317.1480646,1713198318.133576,0.98551,e773520a-073e-4b2e-8f27-15275cfd8d4e,1
sending-info-to-central,200,436,0.30530714988708496,0.278918,1713198327.1488025,1713198327.4541097,0.30531,e773520a-073e-4b2e-8f27-15275cfd8d4e,1
sending-info-to-central,200,436,0.2970540523529053,0.278435,1713198337.148748,1713198337.445802,0.29705,e773520a-073e-4b2e-8f27-15275cfd8d4e,1
sending-info-to-central,200,436,0.24038195610046387,0.224012,1713198347.148278,1713198347.38866,0.24038,e773520a-073e-4b2e-8f27-15275cfd8d4e,1
sending-info-to-central,200,436,0.2644991874694824,0.243858,1713198357.1488826,1713198357.4133818,0.2645,e773520a-073e-4b2e-8f27-15275cfd8d4e,1
sending-info-to-central,200,436,0.2305612564086914,0.212769,1713198367.1485887,1713198367.37915,0.23056,e773520a-073e-4b2e-8f27-15275cfd8d4e,1
sending-info-to-central,200,437,0.3370687961578369,0.324357,1713198377.1481936,1713198377.4852624,0.33707,e773520a-073e-4b2e-8f27-15275cfd8d4e,1
sending-info-to-central,200,437,1.286142349243164,1.260007,1713198387.1486444,1713198388.4347868,1.28614,e773520a-073e-4b2e-8f27-15275cfd8d4e,1
sending-info-to-central,200,449,0.3266487121582031,0.312531,1713198397.1481924,1713198397.474841,0.32665,e773520a-073e-4b2e-8f27-15275cfd8d4e,1
sending-info-to-central,200,449,0.31073546409606934,0.288766,1713198407.1481464,1713198407.4588819,0.31074,e773520a-073e-4b2e-8f27-15275cfd8d4e,1
sending-info-to-central,200,449,0.28696608543395996,0.269615,1713198417.1484962,1713198417.4354622,0.28697,e773520a-073e-4b2e-8f27-15275cfd8d4e,1
sending-info-to-central,200,449,0.30258917808532715,0.285934,1713198427.148291,1713198427.4508803,0.30259,e773520a-073e-4b2e-8f27-15275cfd8d4e,1
sending-info-to-central,200,449,0.25696396827697754,0.239063,1713198437.148237,1713198437.405201,0.25696,e773520a-073e-4b2e-8f27-15275cfd8d4e,1
sending-info-to-central,200,449,0.29769134521484375,0.278703,1713198447.1482363,1713198447.4459276,0.29769,e773520a-073e-4b2e-8f27-15275cfd8d4e,1
sending-info-to-central,200,449,0.26193904876708984,0.230716,1713198457.160151,1713198457.42209,0.26194,e773520a-073e-4b2e-8f27-15275cfd8d4e,1
sending-info-to-central,200,449,0.20733308792114258,0.139308,1713198467.3387847,1713198467.5461178,0.20733,e773520a-073e-4b2e-8f27-15275cfd8d4e,1
sending-info-to-central,200,449,0.4123423099517822,0.361406,1713198477.1699586,1713198477.582301,0.41234,e773520a-073e-4b2e-8f27-15275cfd8d4e,1
sending-info-to-central,200,449,0.3551044464111328,0.298039,1713198487.1702263,1713198487.5253308,0.3551,e773520a-073e-4b2e-8f27-15275cfd8d4e,1
sending-info-to-central,200,449,0.2775135040283203,0.256162,1713198497.148462,1713198497.4259756,0.27751,e773520a-073e-4b2e-8f27-15275cfd8d4e,1
sending-info-to-central,200,449,1.1092889308929443,1.016688,1713198507.1641436,1713198508.2734325,1.10929,e773520a-073e-4b2e-8f27-15275cfd8d4e,1
sending-info-to-central,200,449,0.2597622871398926,0.242798,1713198517.148876,1713198517.4086382,0.25976,e773520a-073e-4b2e-8f27-15275cfd8d4e,1
sending-update-to-central,200,312,0.5436558723449707,0.445562,1713198527.151312,1713198527.694968,0.54366,e773520a-073e-4b2e-8f27-15275cfd8d4e,1
sending-info-to-central,200,448,0.6877884864807129,0.662037,1713198527.148318,1713198527.8361065,0.68779,e773520a-073e-4b2e-8f27-15275cfd8d4e,1
sending-info-to-central,200,448,0.30178260803222656,0.279555,1713198537.1486676,1713198537.4504502,0.30178,e773520a-073e-4b2e-8f27-15275cfd8d4e,1
sending-info-to-central,200,448,0.3703470230102539,0.349947,1713198547.1481514,1713198547.5184984,0.37035,e773520a-073e-4b2e-8f27-15275cfd8d4e,1
sending-info-to-central,200,448,0.2935209274291992,0.269666,1713198557.1483674,1713198557.4418883,0.29352,e773520a-073e-4b2e-8f27-15275cfd8d4e,1
sending-info-to-central,200,448,0.3277609348297119,0.30707,1713198567.149198,1713198567.476959,0.32776,e773520a-073e-4b2e-8f27-15275cfd8d4e,1
sending-info-to-central,200,448,0.322157621383667,0.274787,1713198577.148483,1713198577.4706407,0.32216,e773520a-073e-4b2e-8f27-15275cfd8d4e,2
sending-info-to-central,200,451,0.27875566482543945,0.260197,1713198587.1481485,1713198587.4269042,0.27876,e773520a-073e-4b2e-8f27-15275cfd8d4e,2
sending-info-to-central,200,451,0.28003931045532227,0.263504,1713198597.1482358,1713198597.428275,0.28004,e773520a-073e-4b2e-8f27-15275cfd8d4e,2
sending-info-to-central,200,451,0.2729451656341553,0.253292,1713198607.1482663,1713198607.4212115,0.27295,e773520a-073e-4b2e-8f27-15275cfd8d4e,2
sending-info-to-central,200,451,0.3005375862121582,0.280133,1713198617.148268,1713198617.4488056,0.30054,e773520a-073e-4b2e-8f27-15275cfd8d4e,2
sending-info-to-central,200,451,0.28786802291870117,0.267639,1713198627.1488395,1713198627.4367075,0.28787,e773520a-073e-4b2e-8f27-15275cfd8d4e,2
sending-info-to-central,200,451,0.21662354469299316,0.199353,1713198637.1481383,1713198637.3647618,0.21662,e773520a-073e-4b2e-8f27-15275cfd8d4e,2
sending-info-to-central,200,451,0.23157286643981934,0.210522,1713198647.1482549,1713198647.3798277,0.23157,e773520a-073e-4b2e-8f27-15275cfd8d4e,2
sending-info-to-central,200,450,1.624269962310791,1.594508,1713198657.148362,1713198658.772632,1.62427,e773520a-073e-4b2e-8f27-15275cfd8d4e,2
sending-info-to-central,200,449,0.2769598960876465,0.258495,1713198667.1479957,1713198667.4249556,0.27696,e773520a-073e-4b2e-8f27-15275cfd8d4e,2
sending-info-to-central,200,449,0.28516149520874023,0.271333,1713198677.1481786,1713198677.43334,0.28516,e773520a-073e-4b2e-8f27-15275cfd8d4e,2
sending-info-to-central,200,449,0.36695289611816406,0.315586,1713198687.1481981,1713198687.515151,0.36695,e773520a-073e-4b2e-8f27-15275cfd8d4e,2
sending-info-to-central,200,449,0.2113802433013916,0.137372,1713198697.4284046,1713198697.6397848,0.21138,e773520a-073e-4b2e-8f27-15275cfd8d4e,2
sending-info-to-central,200,449,0.40221714973449707,0.363291,1713198707.3990912,1713198707.8013084,0.40222,e773520a-073e-4b2e-8f27-15275cfd8d4e,2
sending-info-to-central,200,449,0.3016214370727539,0.273787,1713198717.159026,1713198717.4606473,0.30162,e773520a-073e-4b2e-8f27-15275cfd8d4e,2
sending-info-to-central,200,449,0.3016378879547119,0.230641,1713198727.4439683,1713198727.7456062,0.30164,e773520a-073e-4b2e-8f27-15275cfd8d4e,2
sending-info-to-central,200,449,0.2068178653717041,0.14128,1713198737.4188714,1713198737.6256893,0.20682,e773520a-073e-4b2e-8f27-15275cfd8d4e,2
sending-info-to-central,200,449,0.2615385055541992,0.235589,1713198747.1494586,1713198747.4109972,0.26154,e773520a-073e-4b2e-8f27-15275cfd8d4e,2
sending-info-to-central,200,448,0.2849602699279785,0.270041,1713198757.1482925,1713198757.4332528,0.28496,e773520a-073e-4b2e-8f27-15275cfd8d4e,2
sending-info-to-central,200,448,0.5058956146240234,0.482296,1713198767.1483154,1713198767.654211,0.5059,e773520a-073e-4b2e-8f27-15275cfd8d4e,2
sending-update-to-central,200,312,0.7173330783843994,0.625703,1713198767.1513968,1713198767.8687298,0.71733,e773520a-073e-4b2e-8f27-15275cfd8d4e,2
sending-info-to-central,200,448,0.2914164066314697,0.240305,1713198777.1485298,1713198777.4399462,0.29142,e773520a-073e-4b2e-8f27-15275cfd8d4e,3
sending-info-to-central,200,451,0.29863691329956055,0.282562,1713198787.148389,1713198787.447026,0.29864,e773520a-073e-4b2e-8f27-15275cfd8d4e,3
sending-info-to-central,200,451,0.27898502349853516,0.264658,1713198797.148727,1713198797.427712,0.27899,e773520a-073e-4b2e-8f27-15275cfd8d4e,3
sending-info-to-central,200,451,0.26485657691955566,0.244373,1713198807.148579,1713198807.4134355,0.26486,e773520a-073e-4b2e-8f27-15275cfd8d4e,3
sending-info-to-central,200,451,0.2966022491455078,0.282316,1713198817.1481628,1713198817.444765,0.2966,e773520a-073e-4b2e-8f27-15275cfd8d4e,3
sending-info-to-central,200,451,0.2911033630371094,0.272897,1713198827.148204,1713198827.4393075,0.2911,e773520a-073e-4b2e-8f27-15275cfd8d4e,3
sending-info-to-central,200,451,0.2790665626525879,0.256855,1713198837.1482167,1713198837.4272833,0.27907,e773520a-073e-4b2e-8f27-15275cfd8d4e,3
sending-info-to-central,200,451,0.306652307510376,0.288139,1713198847.148576,1713198847.4552283,0.30665,e773520a-073e-4b2e-8f27-15275cfd8d4e,3
sending-info-to-central,200,450,0.2561206817626953,0.239676,1713198857.1483405,1713198857.4044611,0.25612,e773520a-073e-4b2e-8f27-15275cfd8d4e,3
sending-info-to-central,200,450,1.8638510704040527,1.707536,1713198867.148227,1713198869.012078,1.86385,e773520a-073e-4b2e-8f27-15275cfd8d4e,3
sending-info-to-central,200,449,0.2778141498565674,0.260617,1713198877.1480858,1713198877.4259,0.27781,e773520a-073e-4b2e-8f27-15275cfd8d4e,3
sending-info-to-central,200,449,0.2943909168243408,0.274308,1713198887.148196,1713198887.442587,0.29439,e773520a-073e-4b2e-8f27-15275cfd8d4e,3
sending-info-to-central,200,449,0.2819349765777588,0.259917,1713198897.14836,1713198897.430295,0.28193,e773520a-073e-4b2e-8f27-15275cfd8d4e,3
sending-info-to-central,200,449,0.28390002250671387,0.262997,1713198907.1483576,1713198907.4322577,0.2839,e773520a-073e-4b2e-8f27-15275cfd8d4e,3
sending-info-to-central,200,449,0.27750182151794434,0.259764,1713198917.1483152,1713198917.425817,0.2775,e773520a-073e-4b2e-8f27-15275cfd8d4e,3
sending-info-to-central,200,449,0.3204336166381836,0.295017,1713198927.1491656,1713198927.4695992,0.32043,e773520a-073e-4b2e-8f27-15275cfd8d4e,3
sending-info-to-central,200,449,0.36430978775024414,0.306215,1713198937.1805155,1713198937.5448253,0.36431,e773520a-073e-4b2e-8f27-15275cfd8d4e,3
sending-info-to-central,200,449,0.38419151306152344,0.310781,1713198947.1899884,1713198947.57418,0.38419,e773520a-073e-4b2e-8f27-15275cfd8d4e,3
sending-info-to-central,200,449,0.837533712387085,0.76195,1713198957.419,1713198958.2565336,0.83753,e773520a-073e-4b2e-8f27-15275cfd8d4e,3
sending-info-to-central,200,449,0.16808223724365234,0.142879,1713198967.4587493,1713198967.6268315,0.16808,e773520a-073e-4b2e-8f27-15275cfd8d4e,3
sending-info-to-central,200,449,0.26073503494262695,0.227774,1713198977.148677,1713198977.4094121,0.26074,e773520a-073e-4b2e-8f27-15275cfd8d4e,3
sending-info-to-central,200,449,0.330822229385376,0.290009,1713198987.4323905,1713198987.7632127,0.33082,e773520a-073e-4b2e-8f27-15275cfd8d4e,3
sending-info-to-central,200,449,0.2880432605743408,0.256479,1713198997.1486664,1713198997.4367096,0.28804,e773520a-073e-4b2e-8f27-15275cfd8d4e,3
sending-info-to-central,200,448,0.53839111328125,0.50861,1713199007.1484504,1713199007.6868415,0.53839,e773520a-073e-4b2e-8f27-15275cfd8d4e,3
sending-update-to-central,200,310,1.1484549045562744,1.01586,1713199007.1527672,1713199008.301222,1.14845,e773520a-073e-4b2e-8f27-15275cfd8d4e,3
sending-info-to-central,200,448,0.2928586006164551,0.273277,1713199017.1481667,1713199017.4410253,0.29286,e773520a-073e-4b2e-8f27-15275cfd8d4e,3
sending-info-to-central,200,448,0.28079891204833984,0.230809,1713199027.1483245,1713199027.4291234,0.2808,e773520a-073e-4b2e-8f27-15275cfd8d4e,4
sending-info-to-central,200,451,0.2909882068634033,0.270623,1713199037.1482768,1713199037.439265,0.29099,e773520a-073e-4b2e-8f27-15275cfd8d4e,4
sending-info-to-central,200,451,0.28757762908935547,0.267108,1713199047.148455,1713199047.4360325,0.28758,e773520a-073e-4b2e-8f27-15275cfd8d4e,4
sending-info-to-central,200,451,0.3502159118652344,0.336917,1713199057.1481273,1713199057.4983432,0.35022,e773520a-073e-4b2e-8f27-15275cfd8d4e,4
sending-info-to-central,200,451,0.27730226516723633,0.261026,1713199067.1483254,1713199067.4256277,0.2773,e773520a-073e-4b2e-8f27-15275cfd8d4e,4
sending-info-to-central,200,451,0.318554162979126,0.301102,1713199077.1484182,1713199077.4669724,0.31855,e773520a-073e-4b2e-8f27-15275cfd8d4e,4
sending-info-to-central,200,451,0.28808164596557617,0.266347,1713199087.1484764,1713199087.436558,0.28808,e773520a-073e-4b2e-8f27-15275cfd8d4e,4
sending-info-to-central,200,450,0.26818275451660156,0.252256,1713199097.1483812,1713199097.416564,0.26818,e773520a-073e-4b2e-8f27-15275cfd8d4e,4
sending-info-to-central,200,450,1.1114294528961182,1.076398,1713199107.1481879,1713199108.2596173,1.11143,e773520a-073e-4b2e-8f27-15275cfd8d4e,4
sending-info-to-central,200,449,0.2832319736480713,0.26568,1713199117.1484797,1713199117.4317117,0.28323,e773520a-073e-4b2e-8f27-15275cfd8d4e,4
sending-info-to-central,200,449,0.23122859001159668,0.210472,1713199127.1486728,1713199127.3799014,0.23123,e773520a-073e-4b2e-8f27-15275cfd8d4e,4
sending-info-to-central,200,449,0.2840855121612549,0.26679,1713199137.1481562,1713199137.4322417,0.28409,e773520a-073e-4b2e-8f27-15275cfd8d4e,4
sending-info-to-central,200,449,0.261538028717041,0.240325,1713199147.1481097,1713199147.4096477,0.26154,e773520a-073e-4b2e-8f27-15275cfd8d4e,4
sending-info-to-central,200,449,0.3036918640136719,0.281867,1713199157.1481369,1713199157.4518287,0.30369,e773520a-073e-4b2e-8f27-15275cfd8d4e,4
sending-info-to-central,200,449,0.2542691230773926,0.232631,1713199167.1488044,1713199167.4030735,0.25427,e773520a-073e-4b2e-8f27-15275cfd8d4e,4
sending-info-to-central,200,449,0.28902268409729004,0.249456,1713199177.6032412,1713199177.892264,0.28902,e773520a-073e-4b2e-8f27-15275cfd8d4e,4
sending-info-to-central,200,449,0.3862321376800537,0.343247,1713199187.4184647,1713199187.8046968,0.38623,e773520a-073e-4b2e-8f27-15275cfd8d4e,4
sending-info-to-central,200,449,0.5698719024658203,0.537274,1713199197.5742757,1713199198.1441476,0.56987,e773520a-073e-4b2e-8f27-15275cfd8d4e,4
sending-info-to-central,200,449,0.4885690212249756,0.461534,1713199207.617285,1713199208.105854,0.48857,e773520a-073e-4b2e-8f27-15275cfd8d4e,4
sending-info-to-central,200,449,0.7349822521209717,0.671398,1713199217.5585327,1713199218.293515,0.73498,e773520a-073e-4b2e-8f27-15275cfd8d4e,4
sending-info-to-central,200,449,0.6061537265777588,0.529423,1713199227.1595404,1713199227.7656941,0.60615,e773520a-073e-4b2e-8f27-15275cfd8d4e,4
sending-info-to-central,200,449,0.3132443428039551,0.235313,1713199237.173639,1713199237.4868834,0.31324,e773520a-073e-4b2e-8f27-15275cfd8d4e,4
sending-info-to-central,200,449,0.4106638431549072,0.386726,1713199247.1482284,1713199247.5588923,0.41066,e773520a-073e-4b2e-8f27-15275cfd8d4e,4
sending-info-to-central,200,448,0.2966272830963135,0.279863,1713199257.1483667,1713199257.444994,0.29663,e773520a-073e-4b2e-8f27-15275cfd8d4e,4
sending-info-to-central,200,448,0.3015010356903076,0.282802,1713199267.1483343,1713199267.4498353,0.3015,e773520a-073e-4b2e-8f27-15275cfd8d4e,4
sending-info-to-central,200,448,0.29882264137268066,0.281187,1713199277.1487591,1713199277.4475818,0.29882,e773520a-073e-4b2e-8f27-15275cfd8d4e,4
sending-update-to-central,200,310,0.5249865055084229,0.32875,1713199287.152484,1713199287.6774704,0.52499,e773520a-073e-4b2e-8f27-15275cfd8d4e,4
sending-info-to-central,200,448,0.6892127990722656,0.667762,1713199287.14818,1713199287.8373928,0.68921,e773520a-073e-4b2e-8f27-15275cfd8d4e,4
sending-info-to-central,200,448,0.2903139591217041,0.263598,1713199297.1481736,1713199297.4384875,0.29031,e773520a-073e-4b2e-8f27-15275cfd8d4e,4
sending-info-to-central,200,448,0.29801321029663086,0.283352,1713199307.1481702,1713199307.4461834,0.29801,e773520a-073e-4b2e-8f27-15275cfd8d4e,4
sending-info-to-central,200,448,0.28893089294433594,0.271198,1713199317.148375,1713199317.437306,0.28893,e773520a-073e-4b2e-8f27-15275cfd8d4e,4
sending-info-to-central,200,448,0.2973818778991699,0.241145,1713199327.1486151,1713199327.445997,0.29738,e773520a-073e-4b2e-8f27-15275cfd8d4e,5
sending-info-to-central,200,451,0.2904677391052246,0.275127,1713199337.1488297,1713199337.4392974,0.29047,e773520a-073e-4b2e-8f27-15275cfd8d4e,5
sending-info-to-central,200,451,0.3240351676940918,0.307763,1713199347.1489708,1713199347.473006,0.32404,e773520a-073e-4b2e-8f27-15275cfd8d4e,5
sending-info-to-central,200,451,0.27551770210266113,0.255755,1713199357.1481633,1713199357.423681,0.27552,e773520a-073e-4b2e-8f27-15275cfd8d4e,5
sending-info-to-central,200,451,0.3180983066558838,0.297855,1713199367.148095,1713199367.4661932,0.3181,e773520a-073e-4b2e-8f27-15275cfd8d4e,5
sending-info-to-central,200,450,1.4182779788970947,1.388846,1713199377.1484492,1713199378.5667272,1.41828,e773520a-073e-4b2e-8f27-15275cfd8d4e,5
sending-info-to-central,200,449,0.28787946701049805,0.268448,1713199387.1480768,1713199387.4359562,0.28788,e773520a-073e-4b2e-8f27-15275cfd8d4e,5
sending-info-to-central,200,449,0.27763867378234863,0.262431,1713199397.1481254,1713199397.425764,0.27764,e773520a-073e-4b2e-8f27-15275cfd8d4e,5
sending-info-to-central,200,449,0.3459601402282715,0.30333,1713199407.1484616,1713199407.4944217,0.34596,e773520a-073e-4b2e-8f27-15275cfd8d4e,5
sending-info-to-central,200,449,0.23093938827514648,0.205375,1713199417.1482298,1713199417.3791692,0.23094,e773520a-073e-4b2e-8f27-15275cfd8d4e,5
sending-info-to-central,200,449,0.31304264068603516,0.258843,1713199427.2252767,1713199427.5383193,0.31304,e773520a-073e-4b2e-8f27-15275cfd8d4e,5
sending-info-to-central,200,449,0.2705068588256836,0.251199,1713199437.1488612,1713199437.419368,0.27051,e773520a-073e-4b2e-8f27-15275cfd8d4e,5
sending-info-to-central,200,449,0.5406224727630615,0.476798,1713199447.4619398,1713199448.0025623,0.54062,e773520a-073e-4b2e-8f27-15275cfd8d4e,5
sending-info-to-central,200,449,0.4032249450683594,0.375382,1713199457.1489346,1713199457.5521595,0.40322,e773520a-073e-4b2e-8f27-15275cfd8d4e,5
sending-info-to-central,200,449,0.8666975498199463,0.802686,1713199467.169525,1713199468.0362225,0.8667,e773520a-073e-4b2e-8f27-15275cfd8d4e,5
sending-info-to-central,200,448,0.2720072269439697,0.256597,1713199477.1481652,1713199477.4201725,0.27201,e773520a-073e-4b2e-8f27-15275cfd8d4e,5
sending-update-to-central,200,310,0.47104954719543457,0.373484,1713199487.1513844,1713199487.622434,0.47105,e773520a-073e-4b2e-8f27-15275cfd8d4e,5
sending-info-to-central,200,448,0.5484092235565186,0.524801,1713199487.1483517,1713199487.696761,0.54841,e773520a-073e-4b2e-8f27-15275cfd8d4e,5
sending-info-to-central,200,448,0.2749948501586914,0.257674,1713199497.1485758,1713199497.4235706,0.27499,e773520a-073e-4b2e-8f27-15275cfd8d4e,5
sending-info-to-central,200,448,0.2990689277648926,0.275095,1713199507.148511,1713199507.4475799,0.29907,e773520a-073e-4b2e-8f27-15275cfd8d4e,5
sending-info-to-central,200,448,0.583585262298584,0.562954,1713199517.1483772,1713199517.7319624,0.58359,e773520a-073e-4b2e-8f27-15275cfd8d4e,5
sending-info-to-central,200,448,0.32910919189453125,0.248995,1713199527.1480618,1713199527.477171,0.32911,e773520a-073e-4b2e-8f27-15275cfd8d4e,6
sending-info-to-central,200,449,0.28460144996643066,0.270217,1713199537.1483564,1713199537.432958,0.2846,e773520a-073e-4b2e-8f27-15275cfd8d4e,6
sending-info-to-central,200,449,0.345888614654541,0.330608,1713199547.1482706,1713199547.4941592,0.34589,e773520a-073e-4b2e-8f27-15275cfd8d4e,6
sending-info-to-central,200,449,0.29392099380493164,0.276965,1713199557.1485283,1713199557.4424493,0.29392,e773520a-073e-4b2e-8f27-15275cfd8d4e,6
sending-info-to-central,200,449,0.3234140872955322,0.306298,1713199567.1482852,1713199567.4716992,0.32341,e773520a-073e-4b2e-8f27-15275cfd8d4e,6
sending-info-to-central,200,449,0.2710998058319092,0.256522,1713199577.1482236,1713199577.4193234,0.2711,e773520a-073e-4b2e-8f27-15275cfd8d4e,6
sending-info-to-central,200,449,0.30709385871887207,0.287819,1713199587.1485224,1713199587.4556162,0.30709,e773520a-073e-4b2e-8f27-15275cfd8d4e,6
sending-info-to-central,200,449,0.3523554801940918,0.333746,1713199597.1481373,1713199597.5004928,0.35236,e773520a-073e-4b2e-8f27-15275cfd8d4e,6
sending-info-to-central,200,449,0.28386592864990234,0.264905,1713199607.1484325,1713199607.4322984,0.28387,e773520a-073e-4b2e-8f27-15275cfd8d4e,6
sending-info-to-central,200,449,0.2578582763671875,0.234681,1713199617.1481931,1713199617.4060514,0.25786,e773520a-073e-4b2e-8f27-15275cfd8d4e,6
sending-info-to-central,200,449,0.3684544563293457,0.343354,1713199627.148212,1713199627.5166664,0.36845,e773520a-073e-4b2e-8f27-15275cfd8d4e,6
sending-info-to-central,200,449,0.29688191413879395,0.280739,1713199637.1479647,1713199637.4448466,0.29688,e773520a-073e-4b2e-8f27-15275cfd8d4e,6
sending-info-to-central,200,449,0.4107050895690918,0.38764,1713199647.1481075,1713199647.5588126,0.41071,e773520a-073e-4b2e-8f27-15275cfd8d4e,6
sending-info-to-central,200,449,0.36209845542907715,0.339979,1713199657.1482089,1713199657.5103073,0.3621,e773520a-073e-4b2e-8f27-15275cfd8d4e,6
sending-info-to-central,200,449,0.2910177707672119,0.275863,1713199667.1484168,1713199667.4394345,0.29102,e773520a-073e-4b2e-8f27-15275cfd8d4e,6
sending-info-to-central,200,449,0.28163862228393555,0.254204,1713199677.1484833,1713199677.430122,0.28164,e773520a-073e-4b2e-8f27-15275cfd8d4e,6
sending-info-to-central,200,449,0.4080638885498047,0.38432,1713199687.148315,1713199687.5563788,0.40806,e773520a-073e-4b2e-8f27-15275cfd8d4e,6
sending-info-to-central,200,449,0.2718925476074219,0.252247,1713199697.1484673,1713199697.4203598,0.27189,e773520a-073e-4b2e-8f27-15275cfd8d4e,6
sending-info-to-central,200,449,0.31047654151916504,0.29383,1713199707.14882,1713199707.4592965,0.31048,e773520a-073e-4b2e-8f27-15275cfd8d4e,6
sending-info-to-central,200,449,0.3333406448364258,0.313073,1713199717.1480477,1713199717.4813883,0.33334,e773520a-073e-4b2e-8f27-15275cfd8d4e,6
sending-info-to-central,200,449,0.5230517387390137,0.498539,1713200761.8542633,1713200762.377315,0.52305,e773520a-073e-4b2e-8f27-15275cfd8d4e,6
sending-info-to-central,200,449,0.6089918613433838,0.582106,1713200771.8533282,1713200772.46232,0.60899,e773520a-073e-4b2e-8f27-15275cfd8d4e,6
sending-info-to-central,200,449,0.5259144306182861,0.498806,1713200781.8538215,1713200782.379736,0.52591,e773520a-073e-4b2e-8f27-15275cfd8d4e,6
sending-info-to-central,200,449,0.45850181579589844,0.438536,1713200791.8532507,1713200792.3117526,0.4585,e773520a-073e-4b2e-8f27-15275cfd8d4e,6
sending-info-to-central,200,449,0.43920421600341797,0.422909,1713200801.8533416,1713200802.2925458,0.4392,e773520a-073e-4b2e-8f27-15275cfd8d4e,6
sending-info-to-central,200,449,0.33957576751708984,0.319551,1713200811.853371,1713200812.1929467,0.33958,e773520a-073e-4b2e-8f27-15275cfd8d4e,6
sending-info-to-central,200,449,0.29718732833862305,0.274273,1713200821.853245,1713200822.1504323,0.29719,e773520a-073e-4b2e-8f27-15275cfd8d4e,6
sending-info-to-central,200,449,0.8004763126373291,0.771743,1713200831.8534367,1713200832.653913,0.80048,e773520a-073e-4b2e-8f27-15275cfd8d4e,6
sending-info-to-central,200,449,0.3183622360229492,0.301521,1713200841.8532412,1713200842.1716034,0.31836,e773520a-073e-4b2e-8f27-15275cfd8d4e,6
sending-info-to-central,200,449,0.29142189025878906,0.274609,1713200851.853094,1713200852.144516,0.29142,e773520a-073e-4b2e-8f27-15275cfd8d4e,6
sending-info-to-central,200,449,0.6086215972900391,0.579375,1713200861.8536518,1713200862.4622734,0.60862,e773520a-073e-4b2e-8f27-15275cfd8d4e,6
sending-info-to-central,200,449,0.7275824546813965,0.700154,1713200871.8537662,1713200872.5813487,0.72758,e773520a-073e-4b2e-8f27-15275cfd8d4e,6
sending-info-to-central,200,449,0.36005496978759766,0.336375,1713200881.8533485,1713200882.2134035,0.36005,e773520a-073e-4b2e-8f27-15275cfd8d4e,6
sending-info-to-central,200,449,0.4177274703979492,0.401773,1713200891.8532536,1713200892.270981,0.41773,e773520a-073e-4b2e-8f27-15275cfd8d4e,6
sending-info-to-central,200,449,0.4528965950012207,0.427287,1713200901.8534517,1713200902.3063483,0.4529,e773520a-073e-4b2e-8f27-15275cfd8d4e,6
sending-info-to-central,200,449,0.45668601989746094,0.435172,1713200911.8530738,1713200912.3097599,0.45669,e773520a-073e-4b2e-8f27-15275cfd8d4e,6
sending-info-to-central,200,449,0.5389080047607422,0.522491,1713200921.8531156,1713200922.3920236,0.53891,e773520a-073e-4b2e-8f27-15275cfd8d4e,6
sending-info-to-central,200,449,0.539731502532959,0.517246,1713200931.8535702,1713200932.3933017,0.53973,e773520a-073e-4b2e-8f27-15275cfd8d4e,6
sending-info-to-central,200,449,0.4693639278411865,0.445409,1713200941.8534117,1713200942.3227756,0.46936,e773520a-073e-4b2e-8f27-15275cfd8d4e,6
sending-info-to-central,200,449,0.7394719123840332,0.717702,1713200951.8532658,1713200952.5927377,0.73947,e773520a-073e-4b2e-8f27-15275cfd8d4e,6
sending-info-to-central,200,449,0.7554209232330322,0.738741,1713200961.8529797,1713200962.6084006,0.75542,e773520a-073e-4b2e-8f27-15275cfd8d4e,6
sending-info-to-central,200,449,0.3188798427581787,0.301502,1713200971.8532395,1713200972.1721194,0.31888,e773520a-073e-4b2e-8f27-15275cfd8d4e,6
sending-info-to-central,200,449,0.4284510612487793,0.413929,1713200981.8528686,1713200982.2813196,0.42845,e773520a-073e-4b2e-8f27-15275cfd8d4e,6
sending-info-to-central,200,449,2.5571985244750977,2.541183,1713200991.85329,1713200994.4104886,2.5572,e773520a-073e-4b2e-8f27-15275cfd8d4e,6
