name,status-code,payload-size-bytes,processing-time-seconds,elapsed-time-seconds,action-time-start,action-time-end,action-total-seconds,cycle
sending-context-to-worker-0f6c6657-b591-4523-935d-1abd09835f5e,200,11748116,5.0506298542022705,2.437452,1713190130.8771582,1713190136.509371,5.63221,1
sending-context-to-worker-af5b7dae-cb38-4c82-994d-4e8b8c198a27,200,11748209,4.271788835525513,2.544996,1713190130.8771582,1713190140.8126848,9.93553,1
sending-context-to-worker-a53e6dc2-a4dd-4514-b9f8-0f337fbc6816,200,11748875,4.739095449447632,2.496518,1713190130.8771582,1713190146.0426524,15.16549,1
sending-context-to-worker-d23a4790-2964-4b15-99ec-eee56d5c60bd,200,11748556,4.029041290283203,2.295377,1713190130.8771582,1713190150.2031577,19.326,1
sending-context-to-worker-a53e6dc2-a4dd-4514-b9f8-0f337fbc6816,200,11748996,4.662377834320068,2.346255,1713190451.2392292,1713190456.591454,5.35222,2
sending-context-to-worker-d23a4790-2964-4b15-99ec-eee56d5c60bd,200,11748651,4.61339259147644,2.318626,1713190451.2392292,1713190461.2336388,9.99441,2
sending-context-to-worker-0f6c6657-b591-4523-935d-1abd09835f5e,200,11749519,3.6257245540618896,1.739627,1713190451.2392292,1713190465.0775747,13.83835,2
sending-context-to-worker-af5b7dae-cb38-4c82-994d-4e8b8c198a27,200,11748536,3.5968358516693115,1.801796,1713190451.2392292,1713190468.7206953,17.48147,2
sending-context-to-worker-a53e6dc2-a4dd-4514-b9f8-0f337fbc6816,200,11748243,3.576960802078247,1.955725,1713190731.1722689,1713190735.26336,4.09109,3
sending-context-to-worker-d23a4790-2964-4b15-99ec-eee56d5c60bd,200,11747185,3.828270435333252,1.71091,1713190731.1722689,1713190739.1294663,7.9572,3
sending-context-to-worker-0f6c6657-b591-4523-935d-1abd09835f5e,200,11748893,4.392289400100708,2.380875,1713190731.1722689,1713190743.5867684,12.4145,3
sending-context-to-worker-af5b7dae-cb38-4c82-994d-4e8b8c198a27,200,11748492,4.009015798568726,1.978599,1713190731.1722689,1713190747.6372826,16.46501,3
sending-context-to-worker-a53e6dc2-a4dd-4514-b9f8-0f337fbc6816,200,11748476,5.177886009216309,2.596227,1713191051.1023178,1713191057.5314415,6.42912,4
sending-context-to-worker-d23a4790-2964-4b15-99ec-eee56d5c60bd,200,11747845,4.684998035430908,2.429806,1713191051.1023178,1713191062.262953,11.16064,4
sending-context-to-worker-0f6c6657-b591-4523-935d-1abd09835f5e,200,11748422,4.5120532512664795,2.623824,1713191051.1023178,1713191066.8231986,15.72088,4
sending-context-to-worker-af5b7dae-cb38-4c82-994d-4e8b8c198a27,200,11748568,4.712480545043945,2.25581,1713191051.1023178,1713191071.6841714,20.58185,4
sending-context-to-worker-a53e6dc2-a4dd-4514-b9f8-0f337fbc6816,200,11748844,5.12151026725769,2.288672,1713191411.142508,1713191416.9958467,5.85334,5
sending-context-to-worker-af5b7dae-cb38-4c82-994d-4e8b8c198a27,200,11747512,5.638009548187256,2.895844,1713191411.142508,1713191422.669875,11.52737,5
sending-context-to-worker-0f6c6657-b591-4523-935d-1abd09835f5e,200,11748482,4.700137376785278,2.338838,1713191411.142508,1713191427.4146538,16.27215,5
sending-context-to-worker-d23a4790-2964-4b15-99ec-eee56d5c60bd,200,11749237,4.71300196647644,2.449508,1713191411.142508,1713191432.1837142,21.04121,5
sending-context-to-worker-a53e6dc2-a4dd-4514-b9f8-0f337fbc6816,200,403,0.1542952060699463,0.151711,1713191610.931866,1713191611.6748922,0.74303,6
sending-context-to-worker-af5b7dae-cb38-4c82-994d-4e8b8c198a27,200,403,0.16130471229553223,0.15834,1713191610.931866,1713191611.8824131,0.95055,6
